question,answer_number
樱花去木板路休假。她的父母给了她1300欧元购买她想要的东西。在礼品店，盐水塔夫（Saltwater Taffy）以“以每公斤22欧元的价格购买16公斤，获得4公斤1/4的折扣”。她挖了22公斤。她还以11.0欧元和12个钥匙扣的价格购买了一袋海星，每袋20.0欧元。然后，樱花在一路上的一个慈善摊位上捐赠了5欧元。樱花剩下多少钱？,582
凯拉去码头度假。她的父母给了她₺1400，以购买她想要的任何东西。在海滩商店，岩石糖果（Rock Candy）以“每公斤22公斤的价格购买16公斤，可获得6公斤2/3的折扣”。她sc起了23公斤。她还购买了一袋₺11.0和14个贴纸的海玻璃袋，每个贴纸为₺20.5。然后，凯拉（Kayla）沿途在慈善机构摊位上捐赠了₺5。凯拉剩下多少钱？,679
陈去了木板路休假。她的父母给了她1300美元购买她想要的东西。在礼品店，盐水塔夫（Saltwater Taffy）以“以每公斤22美元的价格购买16公斤，获得6公斤1/4的折扣”。她sc起了23公斤。她还以11.0美元的价格购买了一袋海星，每个钥匙扣的价格为21.0美元。然后，陈在一路上的一个慈善摊位上捐赠了5美元。陈留了多少钱？,580
法蒂玛去了码头度假。她的父母给了她₣1200购买她想要的东西。在海滩商店，岩石糖果（Rock Candy）以“每公斤20公斤的价格购买16公斤，获得6公斤1/3的折扣”。她sc起了23公斤。她还购买了一个混合的海玻璃，用11.0和13张贴纸为₣20.0。然后，法蒂玛在一路上的一个慈善机构摊位上捐赠了5。法蒂玛剩下多少钱？,504
Ava去海岸度假。她的父母给了她1400美元购买她想要的东西。在海边商店，棉花糖以“每磅22美元的价格购买17磅，获得4磅1/2的折扣”。她sc起了23磅。她还以11.0美元的价格购买了一袋珊瑚块，每个销钉价格为20.5美元。然后，Ava沿途在一个慈善摊位捐赠了5美元。Ava剩下多少钱？,553
瓦莱里亚（Valeria）去海岸度假。她的父母给了她1300欧元购买她想要的东西。在海边商店，棉花糖以“每磅21欧元的价格购买15磅，获得5磅1/3的折扣”。她sc起了23磅。她还以11.0欧元的价格购买了一袋珊瑚块，每袋11列，每袋21.0欧元。然后，瓦莱里亚（Valeria）沿途在一个慈善机构摊位上捐赠了5欧元。瓦莱里亚剩下多少钱？,605
索菲亚去码头度假。她的父母给了她₺1400，以购买她想要的任何东西。在海滩商店，岩石糖果（Rock Candy）的出售是“每公斤₺20₺20公斤，获得5公斤1/2的折扣”。她sc起了23公斤。她还购买了一袋₺11.0和13个贴纸的海玻璃袋，每个贴纸为₺20.0。索菲亚随后在慈善机构沿途捐赠了₺5。索菲亚剩下多少钱？,714
梅去海滩度假。她的父母给了她1300日元以购买她想要的任何东西。在纪念品商店中，福吉（Fudge）以“以每公斤23日元的价格购买15公斤，获得4公斤1/4的折扣”。她sc起了20公斤。她还以11.0日元的价格买了一袋沙美元，每张14张明信片（每张21.0日元）。然后，梅在一路上的一个慈善机构捐赠了5日元。梅剩下多少钱？,553
索菲亚去码头度假。她的父母给了她₺1400，以购买她想要的任何东西。在海滩商店，岩石糖果（Rock Candy）以“每公斤23千公斤购买15公斤，可享受6公斤1/3的折扣”。她sc起了23公斤。她还购买了一袋₺11.0和18个贴纸的海玻璃袋，每个贴纸为₺20.5。索菲亚随后在慈善机构沿途捐赠了₺5。索菲亚剩下多少钱？,532
塔拉去木板路休假。她的父母给了她₣1200购买她想要的东西。在礼品店，Saltwater Taffy的出售是“每公斤22的17公斤，获得4公斤1/4的折扣”。她sc起了23公斤。她还购买了一个混合的海星，以₣11.0和12个钥匙扣为₣20.0。然后，塔拉（Tara）沿途在一个慈善机构摊位上捐赠了₣5。塔拉剩下多少钱？,460
一个农民正在为他的奶牛购买饲料。他购买了各种苹果，干草，黄瓜和玉米。由于玉米是一种罕见的享受，他只为整个马stable购买了四个6磅重的盒子。他只希望足够的黄瓜在新鲜的蔬菜时喂养母牛，因此他购买了14磅重的袋子。苹果是他的牛的主要饮食，因此他购买了35磅重的包装。干草是补充苹果的主食，因此他购买了18磅重18磅的麻袋。最后，他购买了43磅的杂货，27磅的工具和100磅的木材。农场卡车一次可以携带140磅。如果农民有三辆卡车，农民需要几次运输所有购买的物品？,5
一个农民正在为绵羊购买饲料。他购买了各种小麦，玉米，甜菜和燕麦。由于燕麦是一种罕见的享受，因此他只为整个马stable购买了五个3公斤盒。他只需要足够的甜菜来喂绵羊，而蔬菜是新鲜的，所以他买了11个7公斤的袋子。小麦是他的绵羊的主要饮食，因此他购买了34套44公斤的包装。玉米是补充小麦的主食，因此他购买了十八个19公斤的麻袋。最后，他购买了43公斤杂货，27公斤工具和100公斤的木材。农场卡车一次可以携带140公斤。如果农民有三辆卡车，农民需要几次运输所有购买的物品？,5
一个农民正在为他的奶牛购买饲料。他购买了各种小麦，燕麦，胡萝卜和玉米。由于玉米是一种罕见的享受，因此他只为整个马stable购买了七个5公斤盒。他只希望足够的胡萝卜在蔬菜新鲜时喂养母牛，因此他购买了11个7公斤的袋子。小麦是他的牛的主要饮食，因此他购买了34个39公斤的包装。燕麦是补充小麦的主食，因此他购买了19公斤重的麻袋。最后，他购买了43公斤杂货，27公斤工具和100公斤的木材。农场卡车一次可以携带130公斤。如果农民有三辆卡车，农民需要几次运输所有购买的物品？,5
一个农民正在为他的奶牛购买饲料。他购买了各种干草，小麦，胡萝卜和苹果。由于苹果是一种罕见的享受，他只为整个马stable购买了五箱7磅的盒子。他只希望足够的胡萝卜在蔬菜新鲜时喂养母牛，因此他购买了14磅重的袋子。干草是他的母牛的主要饮食，因此他购买了35磅重的包装。小麦是补充干草的主食，因此他购买了19个15磅重的麻袋。最后，他购买了43磅的杂货，27磅的工具和100磅的木材。农场卡车一次可以携带100磅。如果农民有三辆卡车，农民需要几次运输所有购买的物品？,7
一个农民正在为绵羊购买饲料。他购买了各种苹果，小麦，胡萝卜和燕麦。由于燕麦是一种罕见的享受，因此他只为整个马stable购买了八个重7磅的盒子。他只希望足够的胡萝卜在蔬菜新鲜时喂养绵羊，因此他购买了十二个6磅重的袋子。苹果是他的绵羊的主要饮食，因此他购买了32磅43磅重的包装。小麦是补充苹果的主食，因此他购买了18个17磅的麻袋。最后，他购买了43磅的杂货，27磅的工具和100磅的木材。农场卡车一次可以携带110磅。如果农民有三辆卡车，农民需要几次运输所有购买的物品？,6
一个农民正在为他的羊驼购买饲料。他购买了各种苹果，小麦，黄瓜和干草。由于干草是一种罕见的享受，他只为整个马stable购买了六箱3磅重的盒子。他只希望足够的黄瓜在新鲜的蔬菜时喂羊驼，因此他购买了15磅重的袋子。苹果是他羊驼的主要饮食，因此他购买了34磅重的包装。小麦是补充苹果的主食，因此他购买了18个15磅的麻袋。最后，他购买了43磅的杂货，27磅的工具和100磅的木材。农场卡车一次可以携带170磅。如果农民有三辆卡车，农民需要几次运输所有购买的物品？,4
一个农民正在为他的羊驼购买饲料。他购买了各种苹果，小麦，甜菜和干草。由于干草是一种罕见的享受，因此他只为整个马stable购买了六箱7磅重的盒子。他只需要足够的甜菜来喂羊驼，而蔬菜是新鲜的，因此他购买了11磅重的袋子。苹果是他羊驼的主要饮食，因此他购买了34磅重的包装。小麦是补充苹果的主食，因此他购买了二十磅重的麻袋。最后，他购买了43磅的杂货，27磅的工具和100磅的木材。农场卡车一次可以携带100磅。如果农民有三辆卡车，农民需要几次运输所有购买的物品？,7
一个农民正在为绵羊购买饲料。他购买了各种小麦，燕麦，胡萝卜和苹果。由于苹果是一种罕见的享受，因此他只为整个马stable购买了八箱4磅重的盒子。他只希望足够的胡萝卜在蔬菜新鲜时喂养绵羊，因此他购买了十二个6磅重的袋子。小麦是他的绵羊的主要饮食，因此他购买了三十三个42磅的包装。燕麦是补充小麦的主食，因此他购买了二十磅重的麻袋。最后，他购买了43磅的杂货，27磅的工具和100磅的木材。农场卡车一次可以携带110磅。如果农民有三辆卡车，农民需要几次运输所有购买的物品？,6
一个农民正在为绵羊购买饲料。他购买了各种苹果，燕麦，胡萝卜和干草。由于干草是一种罕见的享受，因此他只为整个马stable购买了五个6磅重的盒子。他只希望足够的胡萝卜在蔬菜新鲜时喂养绵羊，因此他购买了14个6磅重的袋子。苹果是他的绵羊的主要饮食，因此他购买了32磅重的包装。燕麦是补充苹果的主食，因此他购买了二十磅重的麻袋。最后，他购买了43磅的杂货，27磅的工具和100磅的木材。农场卡车一次可以携带150磅。如果农民有三辆卡车，农民需要几次运输所有购买的物品？,4
一个农民正在为他的奶牛购买饲料。他购买了各种干草，小麦，黄瓜和玉米。由于玉米是一种罕见的享受，因此他只为整个马stable购买了六个5公斤的盒子。他只希望足够的黄瓜在新鲜的蔬菜时喂养母牛，因此他购买了15公斤袋。干草是他的牛的主要饮食，因此他购买了35五个35公斤的包装。小麦是补充干草的主食，因此他购买了17个15公斤的麻袋。最后，他购买了43公斤杂货，27公斤工具和100公斤的木材。农场卡车一次可以携带120公斤。如果农民有三辆卡车，农民需要几次运输所有购买的物品？,5
一家雾银行从海洋中滚入以覆盖城市。覆盖城市的每3英里需要30分钟。但是，我们知道风速将在一小时内减半。如果这座城市从海滨到对面的内陆边缘越过72英里，那么雾银行将需要多少分钟才​​能覆盖该城市的四分之一？,300
一家雾银行从海洋中滚入以覆盖城市。覆盖城市每10英里的每10英里就需要75分钟。但是，我们知道风速将在一小时内减半。如果这座城市从海滨到对面的内陆边缘越过72英里，那么雾银行将需要几分钟才能覆盖城市的1/4？,210
一家雾银行从海洋中滚入以覆盖城市。覆盖城市的每3英里需要60分钟。但是，我们知道风速将在一小时内减半。如果这座城市从海滨到对面的内陆边缘越过54英里，那么雾银行需要几分钟才能覆盖城市的1/3？,660
一家雾银行从海洋中滚入以覆盖城市。覆盖城市每6英里需要60分钟。但是，我们知道风速将在一小时内减半。如果这座城市从海滨到对面的内陆边缘越过72英里，那么雾银行将需要多少分钟才​​能覆盖城市的1/3？,420
一家雾银行从海洋中滚入以覆盖城市。覆盖城市每5英里需要25分钟。但是，我们知道风速将在一小时内减半。如果这座城市从海滨到对面的内陆边缘越过54英里，那么雾银行需要几分钟才能覆盖城市的1/2？,210
一家雾银行从海洋中滚入以覆盖城市。覆盖城市的每3英里需要90分钟。但是，我们知道风速将在一小时内减半。如果这座城市从海滨到对面的内陆边缘越过78英里，那么雾银行将需要几分钟才能覆盖这座城市的三分之一？,1500
一家雾银行从海洋中滚入以覆盖城市。每13英里的城市每13英里都需要30分钟。但是，我们知道风速将在一小时内减半。如果这座城市从海滨到对面的内陆边缘越过78英里，那么雾银行将需要几分钟才能覆盖城市的1/2？,120
一家雾银行从海洋中滚入以覆盖城市。覆盖城市的每3英里需要15分钟。但是，我们知道风速将在一小时内减半。如果这座城市从海滨到对面的内陆边缘越过96英里，那么雾银行将需要多少分钟才​​能覆盖该城市的四分之一？,180
一家雾银行从海洋中滚入以覆盖城市。覆盖城市的每3英里需要20分钟。但是，我们知道风速将在一小时内减半。如果这座城市从海滨到对面的内陆边缘越过72英里，那么雾银行将需要多少分钟才​​能覆盖这座城市的三分之一？,260
一家雾银行从海洋中滚入以覆盖城市。覆盖城市的每3英里需要15分钟。但是，我们知道风速将在一小时内减半。如果这座城市从海滨到对面的内陆边缘越过96英里，那么雾银行将需要几分钟才能覆盖城市的1/2？,420
艾玛每天在她最喜欢的步行道上步行32公里，其中包括在海滩上行走14公里，在人行道上行走18公里。在人行道上，艾玛（Emma）以她在海滩上的速度速度三倍。但是，由于最近受伤，艾玛的速度在海滩和人行道上都降低了一半。如果她的步行56分钟在海滩上度过，那么她在几分钟内完成整个32公里的步行需要多长时间？,80
奥利维亚（Olivia）每天在她最喜欢的步行道上行走29英里，其中包括在海滩上行走13英里，在人行道上行走16英里。在人行道上，奥利维亚（Olivia）以她在海滩上的速度速度四倍。但是，由于最近受伤，奥利维亚的速度在海滩和人行道上都降低了一半。如果她的步行65分钟在海滩上度过了，她在几分钟之内完成整个29英里的步行需要多长时间？,85
法蒂玛每天在她最喜欢的步行道上行走26英里，其中包括在海滩上行走11英里，在人行道上行走15英里。在人行道上，法蒂玛以她在海滩上的速度速度三倍。但是，由于最近受伤，法蒂玛的速度在海滩和人行道上都降低了一半。如果她的步行44分钟在海滩上度过，她在几分钟之内完成整个26英里的步行需要多长时间？,64
拉尼亚（Rania）每天在她最喜欢的步行道上行走28公里，其中包括在海滩上行走14公里，在人行道上行走14公里。在人行道上，拉尼亚（Rania）以她在海滩上的速度速度两倍。但是，由于最近受伤，拉尼亚的速度在海滩和人行道上都降低了一半。如果她的步行42分钟在海滩上度过，那么几分钟之内，她才能完成整个28公里的步行需要多长时间？,63
Ananya每天在她最喜欢的步行道上行走20英里，其中包括在海滩上行走10英里，在人行道上行走10英里。在人行道上，Ananya的行驶速度是她在海滩上的速度的两倍。但是，由于最近受伤，在海滩和人行道上，Ananya的速度降低了一半。如果她的步行40分钟在海滩上度过，那么她在几分钟之内完成整个20英里的步行需要多长时间？,60
凯莎（Keisha）每天在她最喜欢的步行道上行走33英里，其中包括在海滩上行走17英里，在人行道上行走16英里。在人行道上，凯莎（Keisha）以她在海滩上的速度速度两倍。但是，由于最近受伤，凯莎（Keisha）的速度在海滩和人行道上都降低了一半。如果她的步行51分钟在海滩上度过，那么她在几分钟之内完成整个33英里的步行需要多长时间？,75
Xena每天在她最喜欢的步行道上行走24公里，其中包括在海滩上行走11公里，在人行道上行走13公里。在人行道上，Xena的行驶速度是她在海滩上的三倍。但是，由于最近的受伤，Xena的速度在海滩和人行道上都降低了一半。如果她的步行66分钟在海滩上度过，她在几分钟之内完成整个24公里的步行需要多长时间？,92
加布里埃尔（Gabrielle）每天在她最喜欢的步行道上行走29公里，其中包括在海滩上行走15公里，在人行道上行走14公里。在人行道上，加布里埃尔（Gabrielle）以她在海滩上的速度速度两倍。但是，由于最近的受伤，加布里埃尔的速度在海滩和人行道上都降低了一半。如果她的步行45分钟在海滩上度过，她在几分钟之内完成整个29公里的步行需要多长时间？,66
Roya每天在她最喜欢的步行道上步行21公里，其中包括在海滩上行走11公里，在人行道上行走10公里。在人行道上，罗雅（Roya）以她在海滩上的速度速度两倍。但是，由于最近受伤，Roya的速度在海滩和人行道上都降低了一半。如果她的步行44分钟在海滩上度过，她在几分钟之内完成整个21公里的步行需要多长时间？,64
Yara每天在她最喜欢的步行道上行走28公里，其中包括在海滩上行走14公里，在人行道上行走14公里。在人行道上，亚拉（Yara）以她在海滩上的速度速度两倍。但是，由于最近受伤，雅拉的速度在海滩和人行道上都降低了一半。如果她的步行56分钟在海滩上度过，她在几分钟之内完成整个28公里的步行需要多长时间？,84
Mateo的狗有149只幼犬，其中25只有斑点。穆罕默德（Mohammed）的狗有49只幼犬，其中12只幼犬有斑点。易卜拉欣有54只狗，每只有13只幼犬。拜访兽医后，马特奥发现他的一半未斑点的幼犬实际上有以前看不见的地方。所有幼犬中有多少百分比有斑点？,89
奥斯卡的狗有130只幼犬，其中28只有斑点。安德烈（Andre）的狗有44只幼犬，其中14只幼犬有斑点。金有66只狗，每只有11只幼犬。访问兽医后，奥斯卡发现他的一半未斑点的幼犬实际上有以前看不见的地方。所有幼犬中有多少百分比有斑点？,91
莱昂的狗有99只幼犬，其中23只有斑点。詹姆斯的狗有53只幼犬，其中12只有斑点。广志有58只狗，每只有11只幼犬。拜访兽医后，莱昂发现他的一半未斑点的幼犬实际上有以前看不见的地方。所有幼犬中有多少百分比有斑点？,90
帕维尔（Pavel）的狗有100只幼犬，其中22只有斑点。广志的狗有40只幼犬，其中15只有斑点。圣地亚哥有55只狗，每只有12只幼犬。拜访兽医后，帕维尔（Pavel）发现他的一半未斑点的幼犬实际上有以前看不见的地方。所有幼犬中有多少百分比有斑点？,92
凯的狗有135只幼犬，其中17只有斑点。阿什的狗有43只幼犬，其中14只有斑点。卡洛斯（Carlos）有54只狗，每只有13只幼犬。访问兽医后，凯发现他的一半未斑点的幼犬实际上有以前看不见的地方。所有幼犬中有多少百分比有斑点？,90
Deshawn的狗有146只幼犬，其中28只有斑点。穆罕默德的狗有43只幼犬，其中12只幼犬有斑点。广志有51只狗，每只有11只幼犬。拜访兽医后，德舍（Deshawn）发现他的一半未斑点的幼犬实际上有以前看不见的地方。所有幼犬中有多少百分比有斑点？,88
卢卡的狗有103只小狗，其中25只有斑点。迭戈的狗有42只幼犬，其中12只有斑点。诺亚有67只狗，每只有15只幼犬。访问兽医后，卢卡发现他的一半未斑点的幼犬实际上有以前看不见的地方。所有幼犬中有多少百分比有斑点？,94
诺亚的狗有113只幼犬，其中23只有斑点。Qasim的狗有47只幼犬，其中15只有斑点。塔里克（Tariq）有60只狗，每只有9只幼犬。访问兽医后，诺亚发现他的一半未斑点的幼犬实际上有以前看不见的地方。所有幼犬中有多少百分比有斑点？,89
Yuki的狗有95只幼犬，其中23只有斑点。凯的狗有53只幼犬，其中12只幼犬有斑点。Faisal有68只狗，每只有14只幼犬。访问兽医后，Yuki发现他的一半未斑点的幼犬实际上有以前看不见的地方。所有幼犬中有多少百分比有斑点？,93
金的狗有100只幼犬，其中28只有斑点。西奥的狗有50只幼犬，其中13只有斑点。诺亚有58只狗，每只有10只幼犬。拜访兽医后，金发现他的一半未斑点的幼犬实际上有以前看不见的地方。所有幼犬中有多少百分比有斑点？,90
Fatima和Mei从他们的家开始，有247分钟的时间步行到健身房。他们需要26分钟才能到达图书馆所在的角落。他们需要18分钟才能去杂货店。当他们到达杂货店时，他们记得自己在家里忘记了钱包，因此他们必须返回以拿起钱包，然后再回到杂货店。一旦他们第二次到达杂货店，他们必须在不迟到的情况下去健身房多长时间？,115
加布里埃尔（Gabriel）和帕维尔（Pavel）从他们的家开始，有212分钟的时间步行到健身房。他们需要29分钟才能到达图书馆所在的角落。他们又花了19分钟去电影院。当他们到达电影院时，他们记得自己在家里忘记了钱包，所以他们必须返回才能拿起钱包，然后再走回到电影院。一旦他们第二次到达电影院，他们不得不迟到到健身房需要多长时间？,68
纳迪亚（Nadia）和桑杰（Sanjay）有261分钟的时间从他们的家开始前往杂货店。他们需要24分钟才能到达健身房的角落。他们需要27分钟才能到达购物中心。当他们到达购物中心时，他们记得他们在家里忘记了钱包，因此他们必须返回才能拿起钱包，然后再走回到购物中心。一旦他们第二次到达购物中心，他们不得不迟到了多长时间去杂货店？,108
蒂亚戈（Thiago）和阿里（Ali）从他们的家开始，有163分钟的时间步行到健身房。他们需要21分钟才能到达银行所在的角落。他们需要28分钟才能去电影院。当他们到达电影院时，他们记得自己在家里忘记了钱包，所以他们必须返回才能拿起钱包，然后再走回到电影院。一旦他们第二次到达电影院，他们不得不迟到到健身房需要多长时间？,16
加布里埃尔（Gabriel）和凯（Kai）有137分钟的时间从他们的家开始去健身房。他们需要16分钟才能到达公园所在的角落。他们需要22分钟才能到达购物中心。当他们到达购物中心时，他们记得他们在家里忘记了钱包，因此他们必须返回才能拿起钱包，然后再走回到购物中心。一旦他们第二次到达购物中心，他们不得不迟到了多长时间？,23
塔拉（Tara）和阿尼亚（Ananya）有163分钟的时间从他们的家开始前往杂货店。他们需要16分钟才能到达图书馆所在的角落。他们需要29分钟才能到达购物中心。当他们到达购物中心时，他们记得他们在家里忘记了钱包，因此他们必须返回才能拿起钱包，然后再走回到购物中心。一旦他们第二次到达购物中心，他们不得不迟到了多长时间去杂货店？,28
从家里开始，菩提和凯有267分钟的时间到达图书馆。他们需要17分钟才能到达健身房的角落。他们又花了19分钟去电影院。当他们到达电影院时，他们记得自己在家里忘记了钱包，所以他们必须返回才能拿起钱包，然后再走回到电影院。一旦他们第二次到达电影院，他们必须不晚才能到达图书馆？,159
比阿特丽斯（Beatriz）和樱花（Sakura）有253分钟的时间从他们的家开始去健身房。他们需要16分钟才能到达购物中心所在的角落。他们需要58分钟才能去电影院。当他们到达电影院时，他们记得自己在家里忘记了钱包，所以他们必须返回才能拿起钱包，然后再走回到电影院。一旦他们第二次到达电影院，他们不得不迟到到健身房需要多长时间？,31
拉维（Ravi）和伊莎贝拉（Isabella）有266分钟的时间从他们的家开始前往电影院。他们需要14分钟才能到达银行所在的角落。他们需要38分钟才能到达图书馆。当他们到达图书馆时，他们记得他们忘记了家里的钱包，因此他们必须返回才能拿起钱包，然后再次走回图书馆。一旦他们第二次到达图书馆，他们必须不迟到才能去电影院？,110
陈和迭戈有221分钟的时间从他们的家开始前往公园。他们需要28分钟才能到达购物中心所在的角落。他们需要22分钟才能去电影院。当他们到达电影院时，他们记得自己在家里忘记了钱包，所以他们必须返回才能拿起钱包，然后再走回到电影院。一旦他们第二次到达电影院，他们必须不迟到去公园多久？,71
一个杂耍手可以杂耍480球。十分之一的球是高尔夫球，其余的是网球。1/2的高尔夫球是紫色的，其中1/6被标记。网球中有1/9是靛蓝，除了三分之一的靛蓝球被标记。总共有多少个标记球？,36
一个杂耍手可以杂耍360球。一半的球是网球，其余的是高尔夫球。三分之一的网球是蓝绿色，其中1/4被标记。1/3的高尔夫球是粉红色的，除了五分之一的粉红色球以外，所有这些都被标记了。总共有多少个标记球？,63
一个杂耍手可以杂耍360球。十分之一的球是高尔夫球，其余的是网球。1/3的高尔夫球是白色的，其中1/4被标记。网球中有一半是洋红色，除了1/2的洋红色球被标记。总共有多少个标记球？,84
一个杂耍手可以杂耍240个球。1/4球是网球，其余的是高尔夫球。网球中有1/3是黑色的，其中1/5被标记。三分之一的高尔夫球是青色，除了一半的青色球以外，所有这些都被标记了。总共有多少个标记球？,34
一个杂耍手可以杂耍300球。十分之一的球是网球，其余的是高尔夫球。五分之一的网球是洋红色，其中三分之一被标记。1/3的高尔夫球是紫色的，除了一半的紫球。总共有多少个标记球？,47
一个杂耍手可以杂耍160球。四分之一的球是网球，其余的是高尔夫球。1/5网球是紫色的，其中1/4被标记。1/8的高尔夫球是靛蓝，除了1/5的靛蓝球被标记。总共有多少个标记球？,14
一个杂耍手可以杂耍160球。四分之一的球是网球，其余的是高尔夫球。四分之一的网球是蓝绿色，其中有1/5标记。四分之一的高尔夫球是粉红色的，除了一半的粉红色球以外，所有这些都被标记了。总共有多少个标记球？,17
一个杂耍手可以杂耍120球。四分之一的球是高尔夫球，其余的是网球。1/5的高尔夫球是黄色的，其中有1/6标记。网球中有1/3是粉红色的，除了1/6以外，所有这些粉红色球都被标记了。总共有多少个标记球？,26
一个杂耍手可以杂耍540球。1/9球是高尔夫球，其余的是网球。1/2的高尔夫球是紫色的，其中十分之一是标记的。八分之一的网球是棕色的，除了1/10的棕色球以外的所有网球都被标记了。总共有多少个标记球？,57
一个杂耍手可以杂耍400球。1/5球是高尔夫球，其余的是网球。高尔夫球的1/4是蓝绿色，其中五分之一的标记。网球中的八分之一是蓝色的，除了十分之一的蓝球以外，所有网球都被标记了。总共有多少个标记球？,40
广志有20公顷杏子田。每两分之四的杏子有28个杏子。广志每6个月可以收获一次杏子。此外，广志拥有一个12公顷的葡萄田，每公顷产生14个葡萄。葡萄可以每4个月收获一次。在两年的时间里，广纪的收获多于杏仁？,3472
奥利弗（Oliver）有15公顷的葡萄田。每1/3公顷有15种葡萄。奥利弗可以每4个月收获一次葡萄。此外，奥利弗（Oliver）拥有一个9公顷的苹果场，每公顷生产16个苹果。可以每4个月收获一次苹果。在两年的时间里，奥利弗收获的葡萄多于苹果？,3186
穆罕默德拥有35平方米的葡萄田。每2/3平方米有12个葡萄。穆罕默德可以每6个月收获一次葡萄。此外，穆罕默德（Mohammed）拥有一个11平方米的杏子场，每平方米产生18个杏子。杏子可以每4个月收获一次。在两年的时间里，穆罕默德的收成比杏子多？,1332
优素福有10平方码的西瓜田。每六分之一的方码有19个西瓜。优素福可以每2个月收获每2个月的西瓜。此外，尤苏夫（Yusuf）拥有一个9平方英尺的葡萄田，每平方码产生14个葡萄。葡萄可以每4个月收获一次。在两年的时间里，优素福的收获比葡萄多多少？,6084
拉维有10平方英尺的香蕉田。每四分之三的方码有36个香蕉。拉维每4个月可以收获每4个月的香蕉。此外，拉维（Ravi）拥有一个13平方英尺的杏子场，每平方码产生12个杏子。杏子可以每4个月收获一次。在两年的时间里，拉维收获的香蕉比杏子多？,1764
Thiago有25平方码的橙色田。每四分之一的方码中有23个橘子。Thiago可以每12个月收获一次橙子。此外，蒂亚戈（Thiago）拥有一个9平方英尺的葡萄田，每平方码产生13个葡萄。葡萄可以每4个月收获一次。在两年的时间里，蒂亚戈的收获比葡萄多几年？,3898
卡洛斯（Carlos）有80平方米的猕猴桃田。每四分之一的平方米有29肯尼亚猕猴桃。卡洛斯可以每12个月收获一次他的猕猴桃。此外，卡洛斯（Carlos）拥有一个10平方米的杏子场，每平方米产生17个杏子。杏子可以每4个月收获一次。在两年的时间里，卡洛斯收获的猕猴桃比杏子多？,5940
Deshawn有10公顷的香蕉田。每2/4公顷有20个香蕉。Deshawn可以每3个月收获一次香蕉。此外，Deshawn拥有一个11公顷的橙色田，每公顷产生14颗橙子。可以每4个月收获一次橙子。在两年的时间里，Deshawn Harvest比Oranges多几年？,2276
Deshawn有10公顷的葡萄田。每八公顷有33个葡萄。Deshawn可以每12个月收获一次葡萄。此外，Deshawn拥有一个10公顷的菠萝田，每公顷产生18个菠萝。菠萝可以每4个月收获一次。在两年的时间里，比菠萝多葡萄多少数？,4200
诺亚有85公顷的梨田。每两分之二分之有13颗梨。诺亚可以每12个月收获梨。此外，诺亚（Noah）拥有一个11公顷的杏子场，每公顷产生12个杏子。杏子可以每4个月收获一次。在两年的时间里，诺亚的收获比杏子多几点？,5838
米勒博士以490000美元的价格出售了他的公寓。他支付了售价的1％的律师费，还支付了房地产经纪人费，是售价的5％。他还为公寓支付了390000美元的剩余贷款金额，交易费用为10000美元。米勒博士利用净收益从出售公寓到投资股票。两年中，股票每年增长10％。两年后，米勒博士的净收益是多少？,73326
马丁内斯先生以690000美元的价格出售了他的小屋。他支付了售价的3％的转让费，还支付了经纪费的6％。他还为小屋支付了590000美元的剩余贷款金额，交易费用为5000美元。马丁内斯先生使用净收益从出售小屋来投资股票。两年中，股票每年增长10％。两年后，马丁内斯先生的净收益是多少？,39809
米勒教授以810000美元的价格出售了他的公寓。他支付了注册费，占销售价格的3％，还支付了代理费用的3％。他还为公寓支付了670000美元的剩余贷款金额，交易费用为20000美元。米勒教授利用净收益从出售公寓到投资股票。两年中，股票每年增长10％。两年后，米勒教授的净收益收益多少？,86394
米勒教授以760000美元的价格出售了他的公寓。他支付了售价的注册费，占售价的3％，还支付了代理费用的4％。他还为公寓支付了570000美元的剩余贷款金额，交易费用为15000美元。米勒教授利用净收益从出售公寓到投资股票。两年中，股票每年增长10％。两年后，米勒教授的净收益收益多少？,147378
史密斯博士以590000美元的价格出售了他的房子。他支付了售价的3％的律师费，还支付了房地产经纪人费，是售价的4％。他还支付了380000美元的房屋剩余贷款金额，交易费用为25000美元。史密斯博士利用出售房屋的净收益来投资股票。两年中，股票每年增长10％。两年后，史密斯博士的净收益是多少？,173877
史密斯教授以560000美元的价格出售了他的房子。他支付了售价的注册费，占售价的3％，还支付了代理费用的4％。他还支付了440000美元的房屋剩余贷款金额，交易费用为15000美元。史密斯教授利用净收益从出售房屋到投资股票。两年中，股票每年增长10％。两年后，史密斯教授的净收益是多少？,79618
米勒博士以550000美元的价格出售了他的公寓。他支付了售价的2％的法律费用，还支付了房地产经纪人费，是售价的3％。他还向公寓支付了370000美元的剩余贷款金额，交易费用为25000美元。米勒博士利用净收益从出售公寓到投资股票。两年中，股票每年增长10％。两年后，米勒博士的净收益是多少？,154275
布朗教授以460000美元的价格出售了他的别墅。他支付了注册费，占销售价格的3％，还支付了代理费用，该费用是售价的2％。他还为别墅支付了300000美元的剩余贷款金额，交易费用为15000美元。布朗教授利用销售别墅的净收益来投资股票。两年中，股票每年增长10％。两年后，布朗教授的净收益收益多少？,147620
马丁内斯教授以470000美元的价格出售了他的小屋。他支付了售价的注册费，占售价的2％，还支付了代理费用的3％。他还为小屋支付了$ 400000的剩余贷款金额，交易费用为15000美元。马丁内斯教授从出售小屋到投资股票的净收益。两年中，股票每年增长10％。两年后，马丁内斯教授的净收益是多少？,38115
布朗博士以300000美元的价格出售了他的别墅。他支付了售价的3％的法律费用，还支付了房地产费，这是售价的3％。他还为别墅支付了200000美元的剩余贷款金额，交易费用为20000美元。布朗博士利用销售别墅的净收益来投资股票。两年中，股票每年增长10％。布朗博士两年后的净收益是多少？,75020
奥利维亚（Olivia）用茶匙的糖和水杯以51：5的比例制作茶。她还为每5杯水使用7汤匙牛奶，每茶匙糖使用2汤匙浓奶油。她总共使用了220茶匙的糖，一杯水，一汤匙奶油和牛奶。她使用了多少茶匙糖？,68
奥尔加（Olga）用茶匙糖和杯子的水比48:10煮咖啡。她还每10杯水使用6汤匙牛奶，每茶匙糖使用2汤匙浓奶油。她总共使用了210茶匙的糖，一杯水，一汤匙奶油和牛奶。她使用了多少茶匙糖？,63
加布里埃尔（Gabrielle）用茶匙糖和水杯的比例为54:12。她还为每2杯水使用7汤匙牛奶，每茶匙糖使用2汤匙浓奶油。她总共使用了240茶匙的糖，一杯水，一汤匙奶油和牛奶。她使用了多少茶匙糖？,60
Mia使用茶匙糖和杯子咖啡，比为48：7煮咖啡。她还每7杯水使用9汤匙牛奶，每茶匙糖使用2汤匙浓奶油。她总共使用了170茶匙的糖，一杯水，一汤匙奶油和牛奶。她使用了多少茶匙糖？,51
基米亚（Kimia）用茶匙的糖和水杯煮咖啡的比例为55:44。她还为每24杯水使用6汤匙牛奶，每茶匙糖使用2汤匙浓奶油。她总共使用了240茶匙的糖，一杯水，一汤匙奶油和牛奶。她使用了多少茶匙糖？,60
乌玛（Uma）使用茶匙糖和杯子以45：5的比例茶。她还每4杯水使用8汤匙牛奶，每茶匙糖使用2汤匙浓奶油。她总共使用了210茶匙的糖，一杯水，一汤匙奶油和牛奶。她使用了多少茶匙糖？,63
法蒂玛用茶匙糖和杯水以52:30的比例茶。她还为每20杯水使用6汤匙牛奶，每茶匙糖使用2汤匙浓奶油。她总共使用了210茶匙的糖，一杯水，一汤匙奶油和牛奶。她使用了多少茶匙糖？,56
Beatriz使用茶匙糖和杯子的水比48:12煮咖啡。她还为每7杯水使用7汤匙牛奶，每茶匙糖使用2汤匙浓奶油。她总共使用了210茶匙的糖，一杯水，一汤匙奶油和牛奶。她使用了多少茶匙糖？,60
奎因（Quinn）用茶匙的糖和水杯（63：9）煮咖啡。她还为每7杯水使用7汤匙牛奶，每茶匙糖使用2汤匙浓奶油。她总共使用了230茶匙的糖，一杯水，一汤匙奶油和牛奶。她使用了多少茶匙糖？,70
Zahra用糖和水杯的茶粉以60：5的比例茶。她还每2杯水使用6汤匙牛奶，每茶匙糖使用2汤匙浓奶油。她总共使用了210茶匙的糖，一杯水，一汤匙奶油和牛奶。她使用了多少茶匙糖？,63
一个巨型披萨有87份。艾莎（Aisha）每天可以吃3份，而阿米莉亚（Amelia）可以吃的两倍，而阿瓦（Ava）可以吃的四倍。两天后，Ava决定进行饮食，并将消费减少一半。披萨完全食用需要多少天？,3
一个巨大的宽面条有102件。莱昂（Leon）每天可以吃3片，而穆罕默德（Mohammed）可以吃三次，樱花可以吃两倍的穆罕默德。两天后，樱花决定进行饮食，并将消费减少一半。烤宽面条完全食用需要多少天？,4
一个巨型派有122件。Ananya每天可以吃2片，而Kimia可以吃三次，而法蒂玛可以吃的五倍是基米亚。两天后，法蒂玛决定进行饮食，并将消费减少一半。馅饼完全食用需要多少天？,4
一个巨大的蛋糕有126个部分。基米亚每天可以吃3份，而法蒂玛可以吃的三倍，达芙妮可以吃的四倍。两天后，达芙妮决定节食，并将消费减少一半。蛋糕被完全食用需要多少天？,3
一个巨型派有99件。路易斯每天可以吃2片，而阿米莉亚可以吃的三倍，而艾莎可以吃的五倍。两天后，Aisha决定进行饮食，并将消费减少一半。馅饼完全食用需要多少天？,3
巨型比萨饼有110份。塔拉每天可以吃2份，而菩提可以吃的三倍，而奥利维亚可以吃的两倍。两天后，奥利维亚（Olivia）决定节食，并将消费减少一半。披萨完全食用需要多少天？,7
一个巨大的馅饼有126份。埃斯特万每天可以吃3份，而西奥可以吃三次，加布里埃尔可以吃的四倍。两天后，加布里埃尔决定进行饮食，并将消费减少一半。馅饼完全食用需要多少天？,3
巨型比萨饼有105份。Haruka每天可以吃3份，而Daphne可以吃的四倍，而Arash可以吃的两倍。两天后，Arash决定进行饮食，并将消费减少一半。披萨完全食用需要多少天？,3
一个巨大的蛋糕有87个部分。奥利弗每天可以吃3份，而帕维尔可以吃的两倍，而梅可以吃的两倍。两天后，MEI决定节食，并将消费减少一半。蛋糕被完全食用需要多少天？,5
一个巨大的蛋糕有120个部分。茉莉花每天可以吃5份，而罗雅可以吃的两倍，而索菲亚的吃饭可以是罗雅的两倍。两天后，索菲亚决定进行饮食，并将消费量减少一半。蛋糕被完全食用需要多少天？,4
Sanjay每天收到32封电子邮件。这些电子邮件中有25％不需要任何回复。从其余的角度来看，Sanjay只能比其中的1/2少2个。Sanjay在为期4天的工作周中回复了多少封电子邮件？桑杰（Sanjay）在最后一天加班，因此他可以比平常回复20％的电子邮件。,42
莱昂每天收到30封电子邮件。这些电子邮件中有20％不需要任何回复。从其余的角度来看，莱昂只能比他们一半少2个。Leon在为期6天的工作周中回复了多少封电子邮件？Leon在最后一天加班，因此他可以比平常回复50％的电子邮件。,65
奥利弗每天收到32封电子邮件。这些电子邮件中有25％不需要任何回复。从其余的角度来看，奥利弗只能比其中的1/2少2个。奥利弗（Oliver）在为期4天的工作周中回复了多少封电子邮件？奥利弗（Oliver）在最后一天加班工作，因此他可以比平常回复10％的电子邮件。,41
路易斯每天收到30封电子邮件。这些电子邮件中有20％不需要任何回复。在其余的情况下，路易斯只能比其中的1/2少4个。路易斯在5天的工作周中回复了多少封电子邮件？路易斯在最后一天加班工作，因此他可以比平常回复25％的电子邮件。,42
广志每天收到32封电子邮件。这些电子邮件中有25％不需要任何回复。从其余的角度来看，广志只能比其中的1/2少2个。在为期5天的工作周中，广希（Hiroshi）回复了多少封电子邮件？广志在最后一天加班，因此他可以比平常回复30％的电子邮件。,53
卡洛斯每天收到32封电子邮件。这些电子邮件中有25％不需要任何回复。从其余的角度来看，卡洛斯只能比其中的一半要响应4个。卡洛斯在为期4天的工作周中回复了多少封电子邮件？卡洛斯（Carlos）在最后一天加班工作，因此他可以比平常回复75％的电子邮件。,38
拉维每天收到25封电子邮件。这些电子邮件中有12％不需要任何回复。从其余的角度来看，拉维只能比其中的一半要响应3个。Ravi在为期4天的工作周中回复了多少封电子邮件？拉维（Ravi）在最后一天加班，因此他可以比平常回复75％的电子邮件。,38
Yuki每天收到32封电子邮件。这些电子邮件中有25％不需要任何回复。从其余的角度来看，Yuki只能比其中的1/2少2个。Yuki在为期6天的工作周中回复了多少封电子邮件？Yuki在最后一天加班，因此他可以比平常回复10％的电子邮件。,61
穆罕默德每天收到25封电子邮件。这些电子邮件中有12％不需要任何回复。从其余的角度来看，穆罕默德只能比其中的一半要响应3个。穆罕默德在为期5天的工作周中回复了多少封电子邮件？穆罕默德（Mohammed）在最后一天加班，因此他可以比平时回复25％的电子邮件。,42
易卜拉欣每天收到32封电子邮件。这些电子邮件中有25％不需要任何回复。从其余的角度来看，易卜拉欣只能比其中的一半要响应2个。易卜拉欣在为期4天的工作周中回复了多少封电子邮件？易卜拉欣（Ibrahim）在最后一天加班工作，因此他可以比平常回复60％的电子邮件。,46
Gabriel正在滚动D4死亡。他连续两次大于1次的数字比他连续四个奇数数的可能性更高（表示为百分比的差异）？,50
塔里克（Tariq）正在滚动四面。他连续两次大于2次的数字比他连续四个均匀的数字更大的可能性（表示为百分比的差异）？,18
穆罕默德（Mohammed）滚动了20侧的死亡。他连续两次大于10的数字比他连续四个均匀的数字更大的可能性（表示为百分比的差异）？,18
维克多（Viktor）正在滚动20侧。他连续两次大于2次的数字比他连续四个均匀的数字更大的可能性（表示为百分比的差异）？,74
Deshawn正在滚动D10模具。他连续两次大于5次的数字比他连续四个均匀的数字更大的可能性（表示为百分比的差异）？,18
Mateo正在滚动D6死亡。他连续两次大于3次的数字比他连续四个奇数数的可能性更高（表示为百分比的差异）？,18
优素福（Yusuf）正在滚动10侧的模具。他连续两次大于5次的数字比他连续四个均匀的数字更大的可能性（表示为百分比的差异）？,18
奥利弗（Oliver）正在滚动D8死亡。他连续两次大于2次的数字比他连续四个奇数数的可能性更高（表示为百分比的差异）？,50
Arjun正在滚动D6死亡。他连续两次大于3次的数字比他连续四个奇数数的可能性更高（表示为百分比的差异）？,18
利亚姆（Liam）滚动D20死亡。他连续两次大于1的数字比他连续四个均匀的数字更大的可能性（表示为百分比的差异）？,84
维克多（Viktor）最初有9打煎饼，然后吃了3种煎饼吃早餐，然后将其余的藏在院子里进行复活节彩蛋狩猎。利亚姆找到了5个煎饼。优素福发现是利亚姆的两倍。帕维尔（Pavel）比尤斯夫（Yusuf）少4个。达芙妮（Daphne）发现了帕维尔（Pavel）的一半，詹姆斯（James）发现了四个煎饼比尤苏夫（Yusuf）和利亚姆（Liam）的合并更多。院子里还有多少煎饼？,18
阿里最初有11打饼干，然后吃了3饼干吃早餐，然后将其余的藏在院子里进行复活节彩蛋狩猎。Faisal找到了5个饼干。广志找到了三次的faisal。本杰明发现比广志少3个。魏发现了本杰明的四分之一，而奎因发现比广志和菲萨尔的组合得多三十个饼干。院子里仍然隐藏了多少个饼干？,38
Beatriz最初有10二十个煎饼，然后吃了3台煎饼吃早餐，然后将其余的藏在院子里进行复活节鸡蛋狩猎。基米亚找到6个煎饼。索菲亚发现的是基米亚的三倍。Mateo发现比Sophia少2个。Umar发现的一半是Mateo，而Mei发现的煎饼比Sophia和Kimia的总和更多。院子里还有多少煎饼？,21
Zahra最初有9打华夫饼，然后吃了5份华夫饼吃早餐，然后将其余的藏在院子里进行复活节鸡蛋狩猎。维克多找到了5个华夫饼。安德烈（Andre）找到了维克多（Viktor）的三倍。拉尼亚（Rania）比安德烈（Andre）少3个。乌玛（Uma）找到了1/4的拉尼亚（Rania），而阿拉什（Arash）比安德烈（Andre）和维克多（Viktor）组合得更多的三打华夫饼。院子里仍然隐藏了多少华夫饼？,12
Kai最初有7二个煎饼，然后吃了2种煎饼吃早餐，然后将其余的藏在院子里进行复活节彩蛋狩猎。Nia找到6个煎饼。伊莎贝拉（Isabella）发现是NIA的两倍。罗雅发现比伊莎贝拉少4个。迭戈（Diego）发现了四分之一的罗雅（Roya），而亚拉（Yara）的煎饼比伊莎贝拉（Isabella）和尼亚（Nia）的总和更多。院子里还有多少煎饼？,12
奥尔加（Olga）最初有8打煎饼，然后吃了5个煎饼吃早餐，然后将其余的藏在院子里进行复活节彩蛋狩猎。加布里埃尔（Gabrielle）找到了3个煎饼。茉莉花发现是加布里埃尔的四倍。塔里克（Tariq）发现比茉莉花（Jasmine）少2个。拉维找到的是塔里克的1/5，而亚历杭德罗的发现比茉莉花和加布里埃尔的组合得多。院子里还有多少煎饼？,25
伊莎贝拉（Isabella）最初有11打煎饼，然后吃了5种煎饼吃早餐，然后将其余的藏在院子里进行复活节鸡蛋狩猎。埃琳娜（Elena）找到了5个煎饼。Qasim发现是Elena的两倍。Sanjay发现比Qasim少1个。温妮发现1/9与桑杰（Sanjay）一样多，而费萨尔（Faisal）的煎饼比Qasim和Elena的合并得多。院子里还有多少煎饼？,39
瓦莱里亚（Valeria）最初有11打煎饼，然后吃了2种煎饼吃早餐，然后将其余的藏在院子里进行复活节鸡蛋狩猎。詹姆斯找到了5个煎饼。贾马尔（Jamal）发现是詹姆斯（James）的三倍。达芙妮（Daphne）发现比贾马尔（Jamal）少3个。纳迪亚（Nadia）发现了1/2的达芙妮（Daphne），而莱昂（Leon）的煎饼比贾马尔（Jamal）和詹姆斯（James）合并得更多。院子里还有多少煎饼？,36
Beatriz最初有8打鸡蛋，然后吃了3个鸡蛋吃早餐，然后将其余的鸡蛋藏在院子里进行复活节彩蛋狩猎。Mateo找到3个鸡蛋。路易斯发现是Mateo的六倍。塔里克（Tariq）发现比路易斯（Luis）少2个。Qasim发现的一半是Tariq，而Noah发现的鸡蛋比Luis和Mateo组合得多。院子里还有多少个鸡蛋？,3
迭戈最初有8打华夫饼，然后吃了2份华夫饼吃早餐，然后将其余的藏在院子里进行复活节彩蛋狩猎。罗雅（Roya）找到了7个华夫饼。优素福的发现是Roya的两倍。Priya发现比Yusuf少2个。凯莎（Keisha）找到了1/3的帕里亚（Priya），而艾娃（Ava）比尤苏夫（Yusuf）和罗雅（Roya）组合得更多的十二个华夫饼。院子里仍然隐藏了多少华夫饼？,12
Qasim从5个不同的公寓大楼中收集垃圾。前4个有100套公寓，最后一间公寓比其他4个合计大30％。但是，本周，前4个建筑群中每一个的5套公寓都是空置的，不需要收集服务。Qasim每周从每个地方收集垃圾2次，他为每个公寓收取每收入0.3次。他还获得了额外的10％技巧。他一周内赚了多少钱？,594
广志从6个不同的公寓大楼收集垃圾。前5个有100套公寓，最后一间公寓比其他5个合计大40％。但是，本周，前5个建筑群中的每间公寓均空置，不需要收集服务。Hiroshi每周从每个地方收集垃圾2次，他为每个公寓收取每收入0.25次。他还获得了额外的10％技巧。他一周内赚了多少钱？,638
Tariq从4个不同的公寓大楼收集垃圾。前3台有100套公寓，最后一间公寓比其他3个合计大30％。但是，本周，前3个综合体中的每一个中的10套公寓都是空置的，不需要收集服务。塔里克（Tariq）每周从每个地方收集垃圾3次，他为每个公寓收取每收款₺0.5。他还获得了额外的10％技巧。他一周内赚了多少钱？,1089
帕维尔（Pavel）从6个不同的公寓大楼中收集垃圾。前5个有100套公寓，最后一间公寓比其他5个合计大70％。但是，本周，前5个建筑群中的每一个中的10套公寓都是空置的，不需要收集服务。帕维尔（Pavel）每周从每个地方收集垃圾2次，他为每个公寓收取每收入₺0.45。他还获得了额外的10％技巧。他一周内赚了多少钱？,1287
奥利弗（Oliver）从5个不同的公寓大楼中收集垃圾。前4个有100套公寓，最后一间公寓比其他4个合计大50％。但是，本周，前4个建筑群中每一个的6套公寓都是空置的，不需要收集服务。奥利弗（Oliver）每周从每个地方收集5次垃圾，他为每间公寓收取0.25次付费。他还获得了额外的10％技巧。他一周内赚了多少钱？,1342
诺亚从5个不同的公寓大楼收集垃圾。前4个有100套公寓，最后一间公寓比其他4个合计大75％。但是，本周，前4个建筑群中每一个的5套公寓都是空置的，不需要收集服务。诺亚（Noah）每周从每个地方收集垃圾2次，他为每间公寓收取每收入0.25次。他还获得了额外的10％技巧。他一周内赚了多少钱？,594
Esteban从3个不同的公寓大楼收集垃圾。前两间有150套公寓，最后一间公寓比其他2个合计大70％。但是，本周，前两个建筑群中每一个的5套公寓都是空置的，不需要收集服务。Esteban每周从每个地方收集3次垃圾，他为每个公寓收取0.45欧元。他还获得了额外的10％技巧。他一周内赚了多少钱？,1188
优素福从7种不同的公寓大楼收集垃圾。前6个有100套公寓，最后一间公寓比其他6个合计大35％。但是，本周，前6个建筑群中的每一个中的10套公寓都是空置的，不需要收集服务。Yusuf每周从每个地方收集垃圾2次，他为每个公寓收集0.4日元。他还获得了额外的10％技巧。他一周内赚了多少钱？,1188
WEI从3个不同的公寓大楼中收集垃圾。前2个有100套公寓，最后一间公寓比其他2个合计大70％。但是，本周，前两个建筑群中每一个的5套公寓都是空置的，不需要收集服务。WEI每周从每个地方收集4次垃圾，他为每个公寓收取每收入₺0.25。他还获得了额外的10％技巧。他一周内赚了多少钱？,583
卡洛斯从3个不同的公寓大楼收集垃圾。前两间有200套公寓，最后一间公寓比其他2个合计大40％。但是，本周，前两个建筑群中的每一个中的10套公寓都是空置的，不需要收集服务。卡洛斯每周从每个地方收集垃圾4次，每个公寓的收藏量为0.25。他还获得了额外的10％技巧。他一周内赚了多少钱？,1034
樱花是一个狂热的园丁。两天前，她从她最喜欢的植物托儿所那里收到了49种新盆栽植物。她的大型乡村住宅的60个窗户壁架中的每一个都已经有7种盆栽植物。她昨天还以50％的折扣购买了100种新工厂。她慷慨大方，她决定明天将每个壁架上的3种盆栽植物给朋友和家人。樱花将留下多少盆栽植物？,389
达芙妮是一个狂热的园丁。两天前，她从她最喜欢的植物托儿所那里收到了23种新盆栽植物。她已经在大型乡村住宅的56个窗户壁架上的每一个中都有8种盆栽植物。她昨天还以50％的折扣购买了200个新工厂。她很慷慨，她决定明天将每台壁架上的6种盆栽植物给朋友和家人。达芙妮（Daphne）将留下多少盆栽植物？,335
阿米莉亚（Amelia）是一个狂热的园丁。上周，她从她最喜欢的植物托儿所那里收到了25种新的盆栽植物。她的大型乡间别墅的54个窗户壁架中的每一个都已经有12种盆栽植物。她昨天还以50％的折扣购买了110个新工厂。她慷慨大方，她决定明天将每个壁架上的盆栽植物从每个壁架上给朋友和家人。阿米莉亚将留下多少盆栽植物？,567
埃琳娜（Elena）是一个狂热的园丁。两天前，她从她最喜欢的植物托儿所收到了38种新盆栽植物。她的大型乡村住宅的55个窗户壁架中的每一个都已经有12种盆栽植物。她昨天还以50％的折扣购买了70种新工厂。她慷慨大方，她决定明天将每个壁架上的3种盆栽植物给朋友和家人。埃琳娜将留下多少盆栽植物？,603
Yara是一个狂热的园丁。两天前，她从她最喜欢的植物托儿所那里收到了49种新盆栽植物。她的大型乡间别墅的54个窗户壁架中的每一个都已经有12种盆栽植物。她昨天还以50％的折扣购买了130种新工厂。她慷慨大方，她决定明天将每个壁架上的盆栽植物从每个壁架上给朋友和家人。亚拉将留下多少盆栽植物？,611
梅是一个狂热的园丁。两天前，她从她最喜欢的植物托儿所收到了38种新盆栽植物。她的大型乡村住宅的60个窗户壁架中的每一个都已经有9种盆栽植物。她昨天还以50％的折扣购买了170种新工厂。她很慷慨，她决定明天将每台壁架上的6种盆栽植物给朋友和家人。梅将留下多少盆栽？,388
瓦伦蒂娜（Valentina）是一个狂热的园丁。昨晚，她从她最喜欢的植物托儿所收到了48种新盆栽植物。她已经在大型乡间别墅的63个窗户壁架上的每一个中都有11种盆栽植物。她昨天还以50％的折扣购买了100种新工厂。她很慷慨，她决定明天将每台壁架上的6种盆栽植物给朋友和家人。瓦伦蒂娜（Valentina）将留下多少盆栽植物？,463
奎因是一个狂热的园丁。昨晚，她从她最喜欢的植物托儿所里收到了23种新盆栽植物。她已经在大型乡村住宅的57个窗户壁架上的每一个中都有8种盆栽植物。她昨天还以50％的折扣购买了20种新工厂。她慷慨大方，她决定明天将每个壁架上的盆栽植物从每个壁架上给朋友和家人。奎因将留下多少盆栽植物？,271
阿米莉亚（Amelia）是一个狂热的园丁。昨晚，她从她最喜欢的植物托儿所里收到了42种新盆栽植物。她的大型乡村住宅的56个窗户壁架中的每一个都已经有7种盆栽植物。她昨天还以50％的折扣购买了180种新工厂。她慷慨大方，她决定明天将每个壁架上的盆栽植物从每个壁架上给朋友和家人。阿米莉亚将留下多少盆栽植物？,390
索菲亚是一个狂热的园丁。上周，她从她最喜欢的植物托儿所那里收到了26种新盆栽植物。她已经在大型乡村住宅的55个窗户壁架上的每一个中都有11种盆栽植物。她昨天还以50％的折扣购买了130种新工厂。她慷慨大方，她决定明天将每个壁架上的3种盆栽植物给朋友和家人。Sophia将留下多少盆栽植物？,596
公园里有24个女孩。如果公园里有三分之一的男孩人数，公园里的孩子中有多少百分比是女孩？,75
院子里有39个女孩。如果院子里的男孩人数是五分之一，那么院子里的孩子中有多少百分比是女孩？,75
花园里有22个女孩。如果花园里的男孩人数是花园里有多少百分比的女孩？,25
花园里有20个女孩。如果花园里的男孩人数为1/4，花园里的孩子中有多少百分比是女孩？,80
该领域有24个女孩。如果该领域的男孩人数是该领域有多少百分比的女孩？,20
花园里有16个女孩。如果花园里的男孩人数是花园里有多少百分比的女孩？,10
操场上有21个女孩。如果操场上的男孩人数是女孩中有多少百分比是女孩？,20
该领域有18个女孩。如果该领域的男孩人数是该领域有多少百分比的女孩？,20
公园里有31个女孩。如果公园里的男孩人数是公园里有多少百分比的女孩？,20
该领域有19个女孩。如果有九倍的男孩人数，那么女孩中有多少百分比是女孩？,10
史密斯夫人正在寻找一栋新房子，不会超出她的410000美元预算。她看到一家售价为500000美元的物业。最重要的是，买方必须支付经纪费，这是售价的7％，也是售价的12％的转让费。如果史密斯太太可以从售价上获得20％的折扣，那么总成本要比史密斯夫人的预算高多少？,66000
帕特尔（Patel）博士正在寻找一个新公寓，该公寓不会超出她的390000美元预算。她看到了一个售价为560000美元的物业。最重要的是，买方必须支付经纪费，该经纪费是售价的7％，也是售价的14％的转让费。如果帕特尔博士可以从售价上获得25％的折扣，那么总成本比帕特尔博士的预算要高多少？,118200
约翰逊女士正在寻找一间新公寓，该公寓不会超过她430000美元的预算。她看到了一个售价为400000美元的物业。最重要的是，买方必须支付经纪费，该经纪费是售价的7％，也是售价的14％的转让费。如果约翰逊女士可以从售价上获得5％的折扣，那么总成本比约翰逊女士的预算要高多少？,29800
史密斯夫人正在寻找一栋新房子，不会超出她的410000美元预算。她看到了一个售价为480000美元的物业。最重要的是，买方必须支付经纪费，这是售价的3％，也是售价的12％的转让费。如果史密斯太太可以从售价上获得5％的折扣，那么总成本比史密斯夫人的预算要高多少？,114400
Lee夫人正在寻找一座新的联排别墅，该联排别墅不会超出她的330000美元预算。她看到一家售价为440000美元的物业。最重要的是，买方必须支付经纪费，这是售价的5％，也是售价的12％的转让费。如果李夫人可以从售价上获得25％的折扣，那么总成本比李夫人的预算要高多少？,56100
史密斯夫人正在寻找一栋新房子，该房子不会超出她的310000美元预算。她看到了一个售价为400000美元的物业。最重要的是，买方必须支付经纪费，这是售价的5％，也是售价的12％的转让费。如果史密斯太太可以从售价上获得10％的折扣，那么总成本比史密斯夫人的预算高多少？,111200
约翰逊女士正在寻找一间新公寓，该公寓不会超出她的490000美元预算。她看到一家售价为640000美元的物业。最重要的是，买方必须支付经纪费，该经纪费是售价的3％，也是售价的14％的转让费。如果约翰逊女士可以从售价上获得25％的折扣，那么总成本比约翰逊女士的预算要高多少？,71600
约翰逊女士正在寻找一间新公寓，该公寓不会超出她的400000美元预算。她看到了一个售价为480000美元的物业。最重要的是，买方必须支付经纪费，这是售价的7％，也是售价的12％的转让费。如果约翰逊女士可以从售价上获得25％的折扣，那么总成本比约翰逊女士的预算要高多少？,28400
李夫人正在寻找一个新的联排别墅，该联排别墅不会超出她的440000美元预算。她看到了一个售价为400000美元的物业。最重要的是，买方必须支付经纪费，这是售价的7％，也是售价的12％的转让费。如果李夫人可以从售价上获得5％的折扣，那么总成本比李夫人的预算要高多少？,12200
约翰逊女士正在寻找一间新公寓，该公寓不会超出她的470000美元预算。她看到一家售价为650000美元的物业。最重要的是，买方必须支付经纪费，这是售价的4％，也是售价的13％的转让费。如果约翰逊女士可以从售价上获得20％的折扣，那么总成本比约翰逊女士的预算要高多少？,138400
纳迪亚去面包店买了各种类型的糕点。她以每打14美元的价格购买60个甜甜圈，每打25美元，60个迷你纸杯蛋糕和24个迷你芝士蛋糕。经过20％的折扣，她总共支付了1540美元。每打迷你芝士蛋糕的成本是多少？,865
Nia去了糕点店，买了各种类型的烘焙食品。她以每打19美元的价格购买60美元的羊角面包，每打20美元的马卡龙，每打$ 20和36个布朗尼蛋糕。经过5％的折扣，她总共支付了1330美元。每打布朗尼的成本是多少？,395
Ava去了糖果，购买了各种类型的甜点。她以每打13美元的价格购买了36美元的日常活动，每打26美元和24个松饼购买了36美元。经过20％的折扣，她总共支付了980美元。每打松饼的成本是多少？,528
罗雅（Roya）去了糕点店，买了各种类型的烘焙食品。她以每打19美元的价格购买了48美元的羊角面包，每打31美元购买了48美元的马卡龙和24个布朗尼蛋糕。经过25％的折扣，她总共支付了1530美元。每打布朗尼的成本是多少？,920
艾莎（Aisha）去了糕点店，购买了各种类型的烘焙食品。她以每打12美元的价格购买了24个羊角面包，每打20美元的羊角面包，每打20美元和24个布朗尼蛋糕。经过20％的折扣，她总共支付了1520美元。每打布朗尼的成本是多少？,898
索菲亚（Sophia）去了面包店，购买了各种类型的糕点。她以每打19美元的价格购买了48个甜甜圈，48个迷你纸杯蛋糕，每打24美元和48个迷你芝士蛋糕。经过25％的折扣，她总共支付了1440美元。每打迷你芝士蛋糕的成本是多少？,437
乌玛去了咖啡馆，买了各种类型的零食。她以每打16美元的价格购买了48个丹麦人，每打25美元和48个烤饼购买了48美元。经过25％的折扣，她总共支付了1050美元。每打烤饼的成本是多少？,309
米娅（Mia）去了咖啡馆，购买了各种类型的零食。她以每打20美元的价格购买了48个丹麦人，每打24美元和24个烤饼购买了48美元。经过25％的折扣，她总共支付了1140美元。每打烤饼的成本是多少？,660
达芙妮去面包店买了各种类型的糕点。她以每打18美元的价格购买了48个甜甜圈，以每打29美元的价格购买了72个迷你纸杯蛋糕和72个迷你芝士蛋糕。经过20％的折扣，她总共支付了1200美元。每打迷你芝士蛋糕的成本是多少？,209
艾玛（Emma）去了糕点店，购买了各种类型的烘焙食品。她以每打16美元的价格购买了60个羊角面包，每打30美元，48美元的马卡龙和60个布朗尼蛋糕。经过20％的折扣，她总共支付了1400美元。每打布朗尼的成本是多少？,310
Sunnyside High今年将在其体育竞技场举行毕业典礼，可容纳7500人。在考虑了毕业生的600个席位，有250个席位参加教职员工，并为活动员工预留50个席位，如果票平均分配，每个毕业生都会收到多少张毕业生来送给他们的朋友和家人的门票？,11
格林维尔高中将于今年在其会议中心举行毕业典礼，该中心为7700人提供了空间。在考虑了550个毕业生的席位，参加教职员工的450个席位以及为活动员工预留100个席位之后，每个毕业生都会收到多少张门票，如果门票平均分配，则会送给他们的朋友和家人？,12
Riverside Academy今年将在其体育馆毕业，该体育馆有7800人的空间。在考虑了1050个毕业生的席位，参加教师的350个席位以及为活动员工预留100个席位的席位之后，每个毕业生都会收到多少张门票，如果门票平均分配，则将获得给他们的朋友和家人？,6
格林维尔高中将于今年在其会议中心举行毕业典礼，可容纳3900人。在考虑了毕业生1150个席位，参加教职员工的400个席位以及为活动员工保留50个席位的席位之后，每个毕业生都会收到多少张门票，如果门票平均分配，则会送给他们的朋友和家人？,2
Riverside Academy今年将在其体育馆举行毕业典礼，该体育馆为8900人提供了空间。在考虑了1050个毕业生的席位，参加教师的400个席位以及为活动员工预留100个席位之后，如果票平均分配，每个毕业生都会收到多少张毕业生来送给他们的朋友和家人的门票？,7
Riverside Academy今年将在其体育馆毕业，该体育馆有7300人的空间。在考虑了毕业生的700个席位，有200个席位的席位以及为活动员工预留100个席位之后，每个毕业生都会收到多少张门票，如果门票平均分配，则会送给他们的朋友和家人？,9
Sunnyside High今年将在其体育竞技场举行毕业典礼，可容纳6700人。在考虑了毕业生的1250个席位，参加教职员工的350个席位以及为活动工作人员预留100个席位之后，每个毕业生都会收到多少张门票，如果门票平均分配，则会送给他们的朋友和家人？,4
Sunnyside High今年将在其体育竞技场举行毕业典礼，可容纳4100人。在考虑了毕业生的750个席位，参加教职员工的250个席位以及为活动员工预留100个席位之后，每个毕业生都会收到多少张门票，如果门票平均分配，则会送给他们的朋友和家人？,4
格林维尔高中将于今年在其会议中心举行毕业典礼，该中心为7200人提供了空间。在考虑了毕业生的750个席位，参加教职员工的400个席位以及为活动员工预留50个席位的席位之后，每个毕业生都会收到多少张门票，如果门票平均分配，则会送给他们的朋友和家人？,8
奥克伍德高中（Oakwood High School）今年将在其礼堂举行毕业典礼，可容纳3500人。在考虑了毕业生的750个席位，参加教职员工的400个席位以及为活动员工预订100个席位之后，每个毕业生都会收到多少张门票，如果门票平均分配，则会送给他们的朋友和家人？,3
菩提去商店买米饭。他购买的普通米品牌的价格为每磅15美元。自从他最喜欢的品牌售罄以来，他必须购买一个更昂贵的品牌，价格高20％。他决定购买一周的米饭，每天使用2磅米饭。这家商店的米饭折扣20％，最多适用于10磅；任何其他大米都以正常价格出售。菩提还决定以1美元的价格购买自己的饼干。菩提必须付多少钱？,217
奥利弗去商店买一些面粉。他购买的正常面粉品牌的价格为每公斤16。自从他最喜欢的品牌售罄以来，他必须购买一个更昂贵的品牌，价格高出25％。他决定购买一周的面粉，每天使用2公斤面粉。这家商店的面粉折扣5％，最多适用于10公斤；任何额外的面粉都以正常价格出售。奥利弗（Oliver）还决定为₣4购买松饼。奥利弗必须付多少钱？,274
Arjun去商店买了一些茶。他购买的茶的普通品牌每公斤的价格为10日元。自从他最喜欢的品牌售罄以来，他必须购买一个更昂贵的品牌，价格高40％。他决定购买一周的茶，每天使用2公斤茶。该商店的茶折扣10％，最多适用于10公斤；任何额外的茶都以正常价格出售。Arjun还决定以4日元的价格购买自己的松饼。Arjun必须付多少钱？,186
本杰明去商店买了一些糖。他购买的普通糖品牌每公斤的价格为₺10。自从他最喜欢的品牌售罄以来，他必须购买一个更昂贵的品牌，价格高20％。他决定购买一周的糖，每天使用3公斤糖。该商店的糖折扣30％，最多适用于10公斤；任何额外的糖都是以正常价格出售的。本杰明还决定为₺1买一个百吉饼。本杰明必须付多少钱？,217
穆罕默德去商店买了一些糖。他购买的普通糖品牌的价格为每公斤15美元。自从他最喜欢的品牌售罄以来，他必须购买一个更昂贵的品牌，价格高40％。他决定购买一周的糖，每天使用3公斤糖。该商店的糖折扣10％，最多适用于20公斤；任何额外的糖都是以正常价格出售的。穆罕默德还决定以1美元的价格购买百吉饼。穆罕默德必须付多少钱？,400
西奥去商店买了一些米饭。他购买的普通米品牌每公斤的价格为5日元。自从他最喜欢的品牌售罄以来，他必须购买一个更昂贵的品牌，价格高20％。他决定购买一周的米饭，每天使用2公斤米饭。这家商店的米饭折扣40％，最多适用于10公斤；任何其他大米都以正常价格出售。西奥还决定以4日元的价格购买百吉饼。西奥必须付多少钱？,64
Faisal去商店买了一些糖。他购买的普通糖品牌的价格为每磅10美元。自从他最喜欢的品牌售罄以来，他必须购买一个更昂贵的品牌，价格高20％。他决定购买一周的糖，并且每天使用2磅的糖。该商店的糖折扣10％，最多可用于10磅；任何额外的糖都是以正常价格出售的。Faisal还决定以3美元的价格购买自己的饼干。Faisal必须付多少钱？,159
Mateo去商店买了一些糖。他购买的糖的普通品牌每公斤的价格为5。自从他最喜欢的品牌售罄以来，他必须购买一个更昂贵的品牌，价格高40％。他决定购买一周的糖，每天使用3公斤糖。该商店的糖折扣20％，最多适用于20公斤；任何额外的糖都是以正常价格出售的。Mateo还决定为₺4购买松饼。Mateo必须付多少钱？,123
卡洛斯去商店买了一些面粉。他购买的普通面粉品牌每公斤的价格为10。自从他最喜欢的品牌售罄以来，他必须购买一个更昂贵的品牌，价格高40％。他决定购买一周的面粉，每天使用2公斤面粉。该商店的面粉折扣45％，最多适用于10公斤；任何额外的面粉都以正常价格出售。卡洛斯还决定为₣2买一个百吉饼。卡洛斯必须付多少钱？,135
魏去商店买米饭。他购买的普通米品牌的价格为每公斤15美元。自从他最喜欢的品牌售罄以来，他必须购买一个更昂贵的品牌，价格高20％。他决定购买一周的米饭，每天使用3公斤米饭。这家商店的米饭折扣5％，最多适用于20公斤；任何其他大米都以正常价格出售。魏还决定以4美元的价格购买百吉饼。魏必须付多少钱？,364
瓦伦蒂娜（Valentina）正在为她的房子做比赛之夜，她打算在那里供应蔬菜烤宽面条。她注意到自己从塑料叉中脱颖而出，所以她买了一包新的叉子。后来，她的丈夫还买了一包19个新叉子，并把它们交给了瓦伦蒂娜。当瓦伦蒂娜（Valentina）制作蔬菜宽面条时，她用六个叉子品尝了蔬菜烤宽面条，然后扔掉了8个有缺陷的叉子。客人还带来了2包叉子，每个叉子里面有8个。后来，当她去桌子上时，她总共有49个叉子。瓦伦蒂娜（Valentina）购买的包装中有几个叉子？,28
乌玛（Uma）正在她的房子里准备举行一次便餐派对，她打算在那里为虾scampi服务。她注意到自己没有塑料汤匙，所以她买了一包新的汤匙。后来，她的丈夫还购买了11包新汤匙的包裹，并将其交给了乌玛。当乌玛（Uma）制作虾scampi时，她用七个汤匙品尝了虾scampi，然后扔掉了5个有缺陷的汤匙。客人还带来了2包汤匙，每个汤匙里面有5包。后来，当她去桌子上时，她总共有36个汤匙。乌玛购买的包装中有几汤匙？,27
Xena正在她的房子准备一个生日聚会，她打算在那里为Creme Bulee服务。她注意到自己从塑料叉中脱颖而出，所以她买了一包新的叉子。后来，她的丈夫还买了一包16个新叉子，并将其交给了Xena。当Xena制作焦糖布鲁利时，她用七个叉子品尝了她的奶油布鲁利，然后扔掉了8个有缺陷的叉子。客人还带来了2包叉子，每个叉子里面有8个。后来，当她去桌子上时，她总共有39叉。Xena买了多少个叉子？,22
陈正在她的房子里准备一个生日聚会，她打算在那里炖牛肉。她注意到自己从塑料叉中脱颖而出，所以她买了一包新的叉子。后来，她的丈夫还买了一包9个新叉子，并把它们交给了陈。当陈制作牛肉时，她用16个叉子品尝炖牛肉，然后扔掉12个有缺陷的叉子。客人还带来了2包叉子，每个叉子里面有12个。后来，当她去桌子上时，她总共有32个叉子。陈购买的包裹中有几个叉子？,27
Sakura正在她的房子准备一个生日聚会，她打算在那里为烤鲑鱼提供。她注意到自己是用塑料盘的，所以她买了一包新的盘子。后来，她的丈夫还买了一包7张新盘子，然后把它们交给了樱花。樱花正在制作烤鲑鱼时，她用八个盘子品尝了烤鲑鱼，然后扔掉了15个有缺陷的盘子。客人还带来了2包盘子，每个盘子里面有15个盘子。后来，当她去桌子上时，她总共有56盘。樱花买了多少个盘子？,42
伊莎贝拉（Isabella）正在准备在她的房子里举行午餐聚会，她打算在那里供应蔬菜烤宽面条。她注意到自己从塑料叉中脱颖而出，所以她买了一包新的叉子。后来，她的丈夫还买了一包14个新叉子，并将其交给了伊莎贝拉。当伊莎贝拉（Isabella）制作植物宽面条时，她用七个叉子品尝了蔬菜烤宽面条，然后扔掉了7个有缺陷的叉子。客人还带来了4包叉子，每个叉子里面有7个。后来，当她去桌子上时，她总共有66叉。伊莎贝拉（Isabella）购买的包装中有几个叉子？,38
奥利维亚（Olivia）正准备在她的房子里举行午餐聚会，她打算在那里提供烤鸡。她注意到自己是用塑料盘的，所以她买了一包新的盘子。后来，她的丈夫还买了一包8张新盘子，并将其交给了奥利维亚。当奥利维亚（Olivia）制作烤鸡时，她用13个盘子品尝了烤鸡，然后扔掉了14个有缺陷的盘子。客人还带来了3包盘子，每个盘子里面有14个盘子。后来，当她去坐桌子时，她总共有60盘。奥利维亚（Olivia）购买的包装中有几盘？,37
索菲亚（Sophia）正在为她的房子做比赛之夜，她打算在那里搭配馅辣椒。她注意到自己没有塑料汤匙，所以她买了一包新的汤匙。后来，她的丈夫还买了一包6包新汤匙，并将其交给了索菲亚。当索菲亚（Sophia）制作馅辣椒时，她用17个汤匙品尝了塞满的辣椒，然后扔掉了9个有缺陷的汤匙。客人还带来了2包汤匙，每个汤匙里面有9个。后来，当她去坐桌子时，她总共有25个汤匙。Sophia购买的包装中有几汤匙？,27
艾莎（Aisha）正在她的房子准备午餐聚会，她打算在那里搭配馅辣椒。她注意到自己从塑料叉中脱颖而出，所以她买了一包新的叉子。后来，她的丈夫还买了一包8个新叉子，并把它们交给了艾莎。当艾莎（Aisha）制作馅辣椒时，她用十六个叉子品尝了馅辣椒，然后扔掉了6个有缺陷的叉子。客人还带来了2包叉子，每个叉子里有6个。后来，当她去桌子上时，她总共有32个叉子。艾莎（Aisha）买了多少个叉子？,34
艾玛（Emma）正在为她的房子做准备的聚会，她打算在那里为Creme Brulee服务。她注意到自己是用塑料盘的，所以她买了一包新的盘子。后来，她的丈夫还买了一包19个新盘子，并将其交给了艾玛。当艾玛（Emma）制作焦糖布鲁利（Creme Bulee）时，她使用了十个盘子来品尝奶油布鲁利（Creme Brulee），然后扔掉了10个有缺陷的盘子。客人还带来了4包盘子，每个盘子里有10个盘子。后来，当她去桌子上时，她总共有59盘。艾玛（Emma）购买的包装中有几盘？,20
迭戈在周三选择67个菠萝。然后他在星期四选择176个菠萝。星期五，他选择了五重奏的菠萝数量。在星期六，他选择了过去三天中挑选的一半。周日，迭戈将以17个菠萝的盒子出售菠萝。他将以12美元的价格出售每个盒子。迭戈要赚多少钱？,612
Deshawn在周六挑选142梨。然后他在周日选择了172个梨。周一，他选择了他在周六所做的梨数的三倍。周二，他选择了过去三天中挑选的一半。在星期三，Deshawn将以15个梨的盒子出售梨。他将以14美元的价格出售每个盒子。DeShawn要赚多少钱？,1036
莱昂在星期四选择80个苹果。然后，他在星期五选择了50个苹果。周六，他选择了他在周四所做的苹果数量的三倍。在周日，他选择了过去三天中挑选的一半。周一，莱昂将以15个苹果的盒子出售苹果。他将以12美元的价格出售每个盒子。莱昂要赚多少钱？,444
路易斯在周五选择55个葡萄。然后他在星期六选择了170个葡萄。周日，他挑选了五重的葡萄数量。周一，他选择了过去三天中挑选的一半。周二，路易斯将以15个葡萄的盒子出售葡萄。他将以10美元的价格出售每个盒子。路易斯要赚多少钱？,500
奥利弗（Oliver）在星期二选择111颗橙子。然后他在星期三选择了170颗橙子。周四，他选择了他在星期二所做的橘子数量。星期五，他选择了过去三天合计中选择的一半。在星期六，奥利弗（Oliver）将以19个橘子的盒子出售橙子。他将以9美元的价格出售每个盒子。奥利弗要赚多少钱？,594
乌马尔（Umar）在周日选择147个苹果。然后他在星期一选择99个苹果。周二，他选择了周日苹果的两倍。在星期三，他选择了过去三天中挑选的一半。周四，Umar将以27个苹果的盒子出售苹果。他将以11美元的价格出售每个盒子。乌马尔要赚多少钱？,330
Mateo在星期二选择45个苹果。然后他在星期三挑选105个苹果。周四，他选择了周二所做的苹果数量的两倍。星期五，他选择了过去三天合计中选择的一半。周六，Mateo将以24个苹果的盒子出售苹果。他将以13美元的价格出售每个盒子。Mateo要赚多少钱？,195
桑杰（Sanjay）在星期五选择179张李子。然后他在周六选择了185张李子。周日，他挑选了他周五所做的李子数量的四倍。周一，他选择了过去三天中挑选的一半。周二，桑杰（Sanjay）将以20个李子的盒子出售李子。他将以11美元的价格出售每个盒子。Sanjay要赚多少钱？,891
卡洛斯（Carlos）在星期二挑选了129个苹果。然后他在星期三挑选了129个苹果。周四，他选择了周二所做的苹果数量的两倍。星期五，他选择了过去三天合计中选择的一半。在星期六，卡洛斯将以每箱18个苹果的盒子出售苹果。他将以12美元的价格出售每个盒子。卡洛斯要赚多少钱？,516
维克多（Viktor）在周四选择142个香蕉。然后他在星期五选择了92个香蕉。周六，他选择了他在周四所做的香蕉数量的三倍。在周日，他选择了过去三天中挑选的一半。周一，维克多将以22种香蕉的盒子出售香蕉。他将以10美元的价格出售每个盒子。Viktor要做多少？,450
一家护理设施的容量为1700个房间，其中1/5占用的房间中有五分之一，所有房间都无法使用。由于大流行，每天将有20名患者进入护理机构。2周后，计算护理设施中无人居住的房间的总数。,740
一个护理机构的容量为1800个房间，其中1/6的房间占据了所有房间的九分之一。由于大流行，每天将有25名患者进入护理机构。2周后，计算护理设施中无人居住的房间的总数。,950
一家诊所的容量为1600个房间，占用1/10，所有房间中的五分之二五分之二。由于自然灾害，每天将30名患者进入诊所。3周后，计算诊所中无人居住的房间的总数。,170
一个医疗中心的容量为1300张床，占用1/5的床，其中所有床中的四分之一无法使用。由于发生了重大事故，每天将30名患者进入医疗中心。2周后，计算医疗中心中无人居住的床总数。,295
一家医院的容量为1300张床，占用1/6，所有床中的六分之二分之二分之六分。由于流感季节，每天将30名患者入院。2周后，计算医院中无人居住的床总数。,230
一个医疗中心的容量为1200张床，占用2/4，八分之一的床铺停产。由于发生了重大事故，每天将有20名患者进入医疗中心。2周后，计算医疗中心中无人居住的床总数。,170
一家诊所的容量为1700间客房，其中1/10座占用的房间中有1/10个房间。由于自然灾害，每天将有20名患者进入诊所。2周后，计算诊所中无人居住的房间的总数。,825
护理设施的容量为1400个房间，其中1/7居住的房间中有1/7，而所有房间中的十分之一都无法使用。由于大流行，每天将有35名患者进入护理机构。2周后，计算护理设施中无人居住的房间的总数。,570
一家医院的容量为1800张床，占用1/9的床，其中所有床的九分之一都停产。由于流感季节，每天将20名患者入院。2周后，计算医院中无人居住的床总数。,1120
一家医院的容量为1400张床，占用1/3，占六分床的六分之一。由于流感季节，每天将有25名患者入院。3周后，计算医院中无人居住的床总数。,175
瓦莱里亚（Valeria）和维克多（Viktor）去了一家建筑用品商店。维克多（Viktor）是会员，但瓦莱里亚（Valeria）不是。瓦莱里亚（Valeria）拥有97.37，想从商店的一个垃圾桶购买15个锚。她还需要8个指甲，每个指甲的成本为0.64。每个锚的成本₣0.35。此外，瓦莱里亚（Valeria）拿起8加仑的油漆。维克多（Viktor）从₣90开始，想要10加仑的油漆，每件价格为₣7.0，4枚木匠铅笔，每笔成本为₣2。该商店为会员提供了10％的油漆折扣。瓦莱里亚（Valeria）离开商店后，瓦莱里亚（Valeria）留下了多少钱？,12
加布里埃尔（Gabrielle）和阿什（Arash）去了一家建筑用品商店。阿什（Arash）是一名会员，但加布里埃尔（Gabrielle）不是。加布里埃尔（Gabrielle）拥有92.27欧元，想从商店的垃圾桶购买15个指甲。她还需要8个垫圈，每个垫圈的价格为0.64欧元。每个指甲的价格为0.21欧元。此外，加布里埃尔（Gabrielle）拿起8加仑的油漆。Arash以100欧元的价格开始，想要12加仑的油漆，每件价格为7.5欧元，3枚木匠铅笔，每笔售价为3欧元。该商店为会员提供了10％的油漆折扣。加布里埃尔（Gabrielle）离开商店后比阿拉什（Arash）剩下多少钱？,14
Kimia和Yusuf去了一家建筑用品商店。优素福是一名会员，但基米亚不是。基米亚（Kimia）有91.25日元，想从商店的垃圾箱购买16个指甲。她还需要9个垫圈，每个垫圈的成本为0.65日元。每个指甲的成本¥0.4。此外，基米亚（Kimia）拿起8加仑的油漆。Yusuf从80日元开始，想要10加仑的油漆，每件价格为7.0日元，4枚木匠铅笔，每笔成本为2日元。该商店为会员提供了10％的油漆折扣。基米亚（Kimia）离开商店后，基米亚（Kimia）离开了多少钱？,14
瓦伦蒂娜（Valentina）和利亚姆（Liam）去了一家建筑用品商店。利亚姆（Liam）是会员，但瓦伦蒂娜（Valentina）不是。瓦伦蒂娜（Valentina）拥有99.41日元，想从商店的垃圾箱购买17颗螺钉。她还需要9个垫圈，每个垫圈成本为0.59日元。每个螺钉的成本¥0.3。此外，瓦伦蒂娜（Valentina）拿起8加仑的油漆。利亚姆（Liam）从90日元开始，想要10加仑的油漆，每件价格为8.0日元，三台木匠铅笔，每笔成本为2日元。该商店为会员提供了10％的油漆折扣。瓦伦蒂娜（Valentina）离开商店后，瓦伦蒂娜（Valentina）离开了多少钱？,13
奎因（Quinn）和费萨尔（Faisal）去了一家建筑用品商店。Faisal是成员，但奎因不是。奎因（Quinn）拥有98.39，想从商店的垃圾箱购买17个坚果。她还需要9个锚点，每个锚定为0.68。每个螺母的成本₣0.31。此外，奎因还拿起8加仑的油漆。Faisal从₣80开始，想要10加仑的油漆，每件价格为₣7.0，和3枚木匠铅笔，每笔成本为₣2。该商店为会员提供了10％的油漆折扣。奎因离开商店后，奎因留下了多少钱？,20
凯拉（Kayla）和卢卡（Luca）去了一家建筑用品商店。卢卡（Luca）是会员，但凯拉（Kayla）不是。凯拉（Kayla）拥有90.23，想从商店的垃圾箱购买17个指甲。她还需要8个垫圈，每个垫圈成本₣0.62。每个指甲的成本₣0.31。此外，凯拉（Kayla）拿起8加仑的油漆。卢卡（Luca）以₣80的价格开始，想要10加仑的油漆，每种油漆的价格为₣7.0，四枚木匠铅笔，每支都成本₣2。该商店为会员提供了10％的油漆折扣。凯拉（Kayla）离开商店后，凯拉（Kayla）离开了多少钱？,15
加布里埃尔（Gabrielle）和圣地亚哥（Santiago）去了一家建筑用品商店。圣地亚哥是会员，但加布里埃尔不是。加布里埃尔（Gabrielle）拥有86.15欧元，想从商店的垃圾箱购买16颗螺钉。她还需要9个指甲，每个指甲的成本为0.59欧元。每个螺钉的价格为0.24欧元。此外，加布里埃尔（Gabrielle）拿起8加仑的油漆。圣地亚哥以100欧元的价格开始，想要12加仑的油漆，每件价格为7.5欧元，4枚木匠铅笔，每支售价为2欧元。该商店为会员提供了10％的油漆折扣。加布里埃尔（Gabrielle）离开商店后比圣地亚哥（Santiago）留下了多少钱？,6
Beatriz和Jin去了一家建筑用品商店。Jin是会员，但Beatriz不是。Beatriz拥有₺82.07，想从商店的一个垃圾桶购买15个坚果。她还需要8个螺钉，每个螺钉的成本为₺0.64。每个螺母的成本₺0.33。此外，比阿特丽斯拿起8加仑的油漆。Jin从₺100开始，想要12加仑的油漆，每件价格为₺7.5，和4枚木匠铅笔，每支都花了₺2。该商店为会员提供了10％的油漆折扣。比阿特丽斯离开商店后，比阿特丽斯离开了多少钱？,1
Yara和Umar去了一家建筑用品商店。乌玛（Umar）是会员，但Yara不是。Yara拥有90.23，想从商店的垃圾箱购买17颗螺钉。她还需要9个锚点，每个锚定为0.61。每个螺钉的成本₣0.22。此外，Yara还拿起8加仑的油漆。乌马尔（Umar）从₣100开始，想要10加仑的油漆，每件价格为₣8.0，三台木匠铅笔，每支都成本₣4。该商店为会员提供了10％的油漆折扣。Yara离开商店后，Yara剩下的钱比Umar剩下多少？,1
Kimia和Arjun去了一家建筑用品商店。Arjun是会员，但Kimia不是。基米亚（Kimia）有100.43日元，想从商店的垃圾箱购买17个坚果。她还需要8个螺钉，每个螺钉的成本为0.69日元。每个螺母的价格¥0.23。此外，基米亚还拿起10加仑的油漆。Arjun从90日元开始，想要10加仑的油漆，每件价格为7.0日元，3台木匠铅笔，每笔成本为3日元。该商店为会员提供了10％的油漆折扣。基米亚（Kimia）离开商店后，基米亚（Kimia）留下了多少钱？,3
金字塔是由9个绿色立方体制成的，白色立方体的两倍和未知数的粉红色立方体。如果金字塔总共有45个立方体，那么粉红色的立方比例是多少？,40
一个堆栈由5个橙色瓷砖制成，粉红色瓷砖数量是两倍，而绿色瓷砖数量不明。如果总共有20个瓷砖，绿色的百分比是多少？,25
一个堆栈由8个粉红色瓷砖制成，绿色瓷砖和未知数的橙色瓷砖是两倍。如果总共有48个瓷砖，那么橙色的瓷砖百分比是多少？,50
一座建筑物是由4块白砖制成的，是橙色砖的两倍，还有一块未知数的紫色砖块。如果建筑物总共有40块砖，那么紫色的砖是多少百分比？,70
金字塔是由4个紫色立方体制成的，白色立方体的七倍，还有一个未知数的黑色立方体。如果金字塔总共有40个立方体，那么黑色的立方体是多少？,20
一个堆栈由4个黑色瓷砖制成，白色瓷砖数量是两倍，而粉红色瓷砖数量不明。如果总共有24个瓷砖，粉红色的百分比是多少？,50
堆栈由9个橙色瓷砖制成，粉红色瓷砖和未知数的绿色瓷砖的三倍。如果总共有40个瓷砖，则绿色的百分比是多少？,10
一座建筑物是由2块紫色砖制成的，是黑砖和未知数的橙色砖块的八倍。如果该建筑物总共有45块砖，那么橙色是多少百分比？,60
一座建筑物是由7块紫色砖制成的，是粉红色砖的两倍，还有数量未知的白色砖块。如果该建筑物总共有25块砖，那么白色的砖是多少？,16
一座建筑物是由4个紫色砖制成的，是黑砖和未知数的粉红色砖的四倍。如果该建筑物总共有25块砖，那么粉红色的砖块是多少百分比？,20
奥尔加（Olga）每分钟可以剥12蛤lam，并在9分钟内炒30蛤。如果需要19秒才能剥去每个蛤lam，则需要几分钟才能去皮和炒180蛤？请注意，奥尔加无法并行工作，在剥离蛤lam后需要休息11分钟，然后才能开始炒作。,137
艾莎（Aisha）每分钟可以剥下10蛤，并在6分钟内炒30蛤。如果需要14秒钟的时间才能剥去每个蛤lam，她将花几分钟的时间去皮和炒120蛤？请注意，艾莎（Aisha）无法并行工作，在剥皮后剥离蛤lam后需要休息7分钟，然后才能开始炒作。,71
陈可以每分钟剥5蛤，并在16分钟内炒20蛤。如果需要15秒钟的时间才能剥去每个蛤lam，则需要花费几分钟才能去皮和炒120蛤？请注意，Chen无法并行工作，在剥离蛤lam后需要休息6分钟，然后才能开始炒作。,156
AVA可以每分钟剥去5个西葫芦，并在6分钟内炒20个西葫芦。如果需要24秒的时间才能剥去每个西葫芦，那么她将剥皮和炒140个西葫芦需要多少分钟？请注意，Ava无法平行起作用，在将西葫芦剥离后需要休息15分钟，然后才能开始炒作。,141
Roya每分钟可以剥6蛤，并在11分钟内炒30蛤。如果需要14秒钟的时间才能剥去每个蛤lam，她将花费几分钟才能去皮和炒90蛤？请注意，Roya无法并行工作，在剥离蛤lam后需要休息7分钟，然后才能开始炒作。,76
基米亚可以每分钟剥落6虾，并在17分钟内炒20虾。如果需要15秒钟才能剥去每只虾之前，她将花几分钟的时间去皮和炒60虾？请注意，基米亚（Kimia）无法平行起作用，在剥虾剥离后需要休息8分钟，然后才能开始炒作。,84
纳迪亚每分钟可以剥4胡萝卜，并在11分钟内炒20胡萝卜。如果需要18秒的时间才能剥去每个胡萝卜，那么她将剥皮和炒160胡萝卜需要多少分钟？请注意，纳迪亚无法并行工作，在剥离胡萝卜后需要休息6分钟，然后才能开始炒作。,182
Beatriz每分钟可以剥8胡萝卜，并在12分钟内炒20胡萝卜。如果需要12秒的时间才能剥去每个胡萝卜之前，她将剥皮并炒160胡萝卜需要多少分钟？请注意，Beatriz无法并行工作，在剥离胡萝卜后需要休息5分钟，然后才能开始炒作。,153
NIA每分钟可以将12个胡萝卜剥皮，并在10分钟内炒30胡萝卜。如果需要25秒的时间才能剥去每个胡萝卜，则需要花费几分钟才能去皮并炒180次胡萝卜？请注意，NIA无法并行工作，在剥离胡萝卜后需要休息13分钟，然后才能开始炒作。,163
Fatima可以每分钟剥皮12个西葫芦，并在14分钟内炒30个西葫芦。如果需要11秒的时间才能剥去每个西葫芦，那么她将花几分钟才能去皮和炒60个西葫芦？请注意，Fatima无法平行工作，在剥皮后需要12分钟的休息时间，然后才能开始炒作。,56
乌玛（Uma）和扎赫拉（Zahra）是马拉喀什（Marrakech）的姐妹，他们喜欢从政客那里收集签名。在放学的春假期间，姐妹们每天下午都在收集签名。6周后，乌玛（Uma）和扎赫拉（Zahra）比较了他们的签名书，计算了每个姐姐收集的签名数量。乌玛（Uma）在她的书中有29个签名，扎赫拉（Zahra）有37个签名。姐妹们还有4个星期的春假周，他们决定在休息结束前达到他们之间的130个签名。但是，在剩下的4周内，UMA只能在周末收集签名，每周的收藏量减少了5个，而Zahra决定增加每周的收藏。Zahra每周需要收集多少个签名才能确保他们达到目标？,11
达芙妮（Daphne）和奥利维亚（Olivia）是开罗的姐妹，他们喜欢从电影明星那里收集签名。在放学的春假期间，姐妹们每天下午都在收集签名。三周后，达芙妮和奥利维亚比较了他们的签名书，计算了每个姐姐收集的签名数量。达芙妮（Daphne）在她的书中有17个签名，奥利维亚（Olivia）有31个签名。姐妹们还有3个星期的春假周，他们决定在休息结束时达到他们之间的120个签名。但是，在剩下的3周中，达芙妮只能在周末收集签名，每周的收藏量减少了5次，而奥利维亚则决定增加她的每周收藏。奥利维亚（Olivia）每周需要收集多少个签名才能确保他们达到目标？,19
艾娃（Ava）和奎因（Quinn）是赫尔辛基（Helsinki）的姐妹，他们喜欢从作者那里收集签名。在放学的春假期间，姐妹们每天下午都在收集签名。3周后，Ava和Quinn比较了他们的签名书，计算每个姐姐收集的签名数量。Ava在她的书中有30个签名，而奎因（Quinn）有37个签名。姐妹们还有2个星期的春假周，他们决定在休息结束前达到他们之间的135个签名。但是，在剩下的2周内，AVA只能在周末收集签名，将她的每周收藏量减少了每周5个，而Quinn决定增加每周的收藏。奎因每周需要收集多少个签名才能确保他们达到目标？,29
梅（Mei）和丘卡（Haruka）是来自新加坡的姐妹，他们喜欢从政客那里收集签名。在放学的暑假期间，姐妹们每天下午都会收集签名。5周后，Mei和Haruka比较了他们的亲笔签名书，计算了每个姐姐收集的签名数量。Mei在她的书中有24个签名，Haruka有51个签名。姐妹们还有3个星期的暑假，他们决定在休息结束前达到他们之间的135个签名。但是，在剩下的3周内，MEI只能在周末收集签名，每周的收藏量减少了5个，而Haruka决定增加每周的收藏。Haruka每周需要收集多少个签名才能确保它们达到目标？,15
乌玛（Uma）和奥尔加（Olga）是里斯本的姐妹，他们喜欢从政客那里收集签名。在放学的暑假期间，姐妹们每天下午都会收集签名。3周后，乌玛（Uma）和奥尔加（Olga）比较了他们的签名书，计算了每个姐姐收集的签名数量。乌玛（Uma）在她的书中有25个签名，奥尔加（Olga）有59个签名。姐妹们在暑假中还有2个星期，他们决定在休息结束前达到他们之间的140个签名。但是，在剩下的2周内，乌玛只能在周末收集签名，每周的收藏量减少了5个，而奥尔加决定增加每周的收藏。奥尔加每周需要收集多少个签名才能确保他们达到目标？,23
陈和塔拉（Chen）和塔拉（Tara）是里斯本的姐妹，他们喜欢从政客那里收集签名。在放学期间，姐妹们每天下午都会收集签名。5周后，Chen和Tara比较了他们的亲笔签名书，计算每个姐姐收集的签名数量。陈在她的书中有36个签名，塔拉（Tara）有32个签名。姐妹们还有4个星期的冬季休息周，他们决定在休息结束时达到他们之间的140个签名。但是，在剩下的4周内，陈只能在周末收集签名，将她的每周收藏量减少了每周5个，而塔拉决定增加每周的收藏。塔拉每周需要收集多少个签名才能确保他们达到目标？,13
Zahra和Yara是来自开普敦的姐妹，他们喜欢从作者那里收集签名。在放学的春假期间，姐妹们每天下午都在收集签名。7周后，Zahra和Yara比较了他们的签名书，计算每个姐姐收集的签名数量。扎赫拉（Zahra）在她的书中有20个签名，而亚拉（Yara）则有30个签名。姐妹们在春假还有3周的时间，他们决定在休息结束前达到他们之间的140个签名。但是，在剩下的3周内，Zahra只能在周末收集签名，每周的收藏量减少了每周5个，而Yara决定增加每周的收藏。Yara每周需要收集多少个签名才能确保他们达到目标？,25
Ava和Kayla是来自曼谷的姐妹，他们喜欢从运动员那里收集签名。在放学期间，姐妹们每天下午都会收集签名。3周后，Ava和Kayla比较了他们的亲笔签名书，计算了每个姐姐收集的签名数量。Ava在她的书中有38个签名，凯拉（Kayla）有41个签名。姐妹们还有4个星期的冬季休息时间，他们决定在休息结束时要达到他们之间的135个签名。但是，在剩下的4周内，AVA只能在周末收集签名，将她的每周收藏量减少了每周5个，而Kayla决定增加她的每周收藏。凯拉（Kayla）每周需要收集多少个签名才能确保他们达到目标？,9
索菲亚（Sophia）和埃琳娜（Elena）是来自奥克兰的姐妹，他们喜欢从音乐家那里收集签名。在放学的春假期间，姐妹们每天下午都在收集签名。4周后，索菲亚（Sophia）和埃琳娜（Elena）比较了他们的亲笔签名书，计算每个姐姐收集的签名数量。索菲亚（Sophia）在她的书中有32个签名，埃琳娜（Elena）有56个签名。姐妹们还有3个星期的春假周，他们决定在休息结束时要达到他们之间的130个签名。但是，在剩下的3周中，索菲亚只能在周末收集签名，每周的收藏量减少了5个，而埃琳娜则决定增加每周的收藏。埃琳娜（Elena）每周需要收集多少个签名才能确保他们达到目标？,9
Zahra和Nia是来自河内的姐妹，他们喜欢从电影明星那里收集签名。在他们放学的秋季休息期间，姐妹每天下午都会收集签名。3周后，Zahra和Nia比较了他们的签名书，计算每个姐姐收集的签名数量。Zahra在她的书中有28个签名，Nia有46个签名。姐妹们有2个星期的秋季休息周，他们决定在休息结束前达到他们之间的120个签名。但是，在剩下的2周内，Zahra只能在周末收集签名，将她的每周收藏量减少了每周5个，而Nia决定增加每周的收藏。NIA每周需要收集多少个签名才能确保他们达到目标？,18
莱昂去买了一些学校用品。他购买了8个蜡笔，每个蜡笔的价格为7.0日元，每张蜡笔的价格为13.75日元，还有一张债券纸，价格为10日元。他还购买了4个文件夹，每个文件夹的价格为11日元。Leon可以支付一次性¥20的费用以成为会员，并在所有购买中获得20％的折扣，或者不成为会员，并且仅获得5％的折扣。Leon可以在一切上花费的最少数量是多少？,196
菩提去购买一些学校用品。他购买了24个文件夹，每张价格为2.75欧元，每张铅笔的价格为19.25欧元，还有一张债券纸，价格为23欧元。他还购买了5个标记，每个标记的价格为8欧元。Bodhi可以支付一次€20的费用才能成为会员，并在所有购买中获得20％的折扣，或者不成为会员，并且仅获得5％的折扣。Bodhi可以花在所有东西上的最少数量是多少？,308
Deshawn去购买了一些学校用品。他购买了14个橡皮擦，每个橡皮擦的价格为₺7.5，每个统治者的价格为₺18.5，每个统治者的价格为₺18.5，还有一张债券纸，费用为₺21。他还购买了8个文件夹，每个文件夹每个都花费了₺10。DeShawn可以支付一次性₺20费用以成为会员，并获得所有购买的20％折扣，或者不成为会员，并且仅获得5％的折扣。DeShawn可以花在所有东西上的最少数量？,244
安德烈去购买一些学校用品。他购买了20个标记，每个标记的价格为₣8.0，每张铅笔的价格为10个，每张铅笔的价格为₣18.0，还有一张债券纸，价格为₣15。他还购买了5个统治者，每个统治者的价格为9。安德烈（Andre）可以支付一次性₣20费，以成为会员，并在所有购买中获得20％的折扣，或者不成为会员，只获得5％的折扣。安德烈（Andre）可以花在所有东西上的最少数量是多少？,340
Faisal去购买了一些学校用品。他购买了18枚铅笔，每个铅笔的价格为₣6.0，14个统治者，每根铅笔，每只铅笔，每条铅笔的价格为14.5个，债券纸的价格为₣24。他还购买了5枚彩色铅笔，每支铅笔的价格为9。Faisal可以支付一次性₣20费用以成为会员，并在所有购买中获得20％的折扣，或者不成为会员，并且仅获得5％的折扣。Faisal可以花在所有东西上的最少数量是多少？,324
奥斯卡去购买一些学校用品。他购买了24个笔记本，每个笔记本的价格为₺3.5，每个统治者的成本为₺13.0，每条统治者的价格为₺13.0，一张债券纸的收入为₺15。他还购买了7枚铅笔，每笔费用为₺9。奥斯卡可以支付一次性₺20费用以成为会员，并在所有购买中获得20％的折扣，或者不成为会员，只获得5％的折扣。奥斯卡最少的钱可以花在一切上？,212
卡西姆去购买一些学校用品。他购买了18个笔记本电脑，每个笔记本电脑的价格为9.0日元，每张12个蜡笔的价格为18.75日元，还有一张债券纸，价格为21日元。他还购买了8枚铅笔，每支铅笔的价格为9日元。Qasim可以支付一次性¥20的费用以成为会员，并在所有购买中获得20％的折扣，或者不成为会员，并且仅获得5％的折扣。Qasim可以在所有商品上花费的最少数量是多少？,404
Yuki去购买了一些学校用品。他购买了22个蜡笔，每个蜡笔的价格为8.0日元，14个橡皮擦，每个蜡笔的价格为17.0日元，还有一张债券纸，价格为¥13。他还购买了3个标记，每个标记的价格为11日元。Yuki可以支付一次性¥20的费用以成为会员，并在所有购买中获得20％的折扣，或者不成为会员，并且仅获得5％的折扣。Yuki可以花在所有东西上的最少数量是多少？,388
詹姆斯去买了一些学校用品。他购买了12个标记，每个标记的价格为$ 3.0，每个蜡笔的价格为$ 8.5 $ 8.5，还有一张债券纸，价格为17美元。他还购买了6枚彩色铅笔，每支铅笔的价格为8美元。詹姆斯要么可以支付一次$ 20的费用才能成为会员，并在所有购买中获得20％的折扣，要么不成为会员，只获得5％的折扣。詹姆斯在一切上都能花费的最少数量是多少？,196
詹姆斯去买了一些学校用品。他购买了6张笔记本，每张价格为7.0日元，每张铅笔为14日元，每张铅笔的价格为10日元，一张债券纸的价格为24日元。他还购买了6个标记，每个标记的价格为9日元。詹姆斯要么支付一次¥20的费用才能成为会员，并在所有购买中获得20％的折扣，要么不成为会员，并且仅获得5％的折扣。詹姆斯在一切上都能花费的最少数量是多少？,228
Yara去了她的果园挑选草莓，发现花园里的甲虫和毛毛虫一样多。Yara然后发现了66只白色动物，其中一半是兔子。此外，她看到了24只蜜蜂和13只毛毛虫。兔子在花园里有多少百分比？,15
艾娃（Ava）分配了一些覆盆子，发现斑块中的蜜蜂多三分之一。然后，Ava发现了60只白色动物，其中一半是兔子。此外，她看到了24个毛毛虫和12个黄蜂。兔子中有多少百分比？,30
茉莉花去了她的后院挑选一些樱桃，发现了一半的黄蜂，就像野外的蚂蚁一样。然后，茉莉花发现了46只白色动物，其中一半是兔子。此外，她看到了39只蜜蜂和10只蚂蚁。兔子是野外动物的百分比？,23
莱拉尼（Leilani）分配了一些覆盆子，发现了四分之三的蚂蚁，就像斑块中的黄蜂一样。莱拉尼随后发现了40只白色动物，其中一半是兔子。此外，她看到了36个蚱hoppers和16个黄蜂。兔子中有多少百分比？,20
加布里埃尔（Gabrielle）去分配了一些覆盆子，发现了五分之三的黄蜂，与蜜蜂中的蜜蜂一样多。加布里埃尔随后发现了38只白色动物，其中一半是兔子。此外，她看到了41张毛毛虫和15只蜜蜂。兔子中有多少百分比？,19
瓦莱里亚（Valeria）分配了一些覆盆子，发现了4/5蚂蚁与甲虫中的甲虫一样多。瓦莱里亚随后发现了18种白色动物，其中一半是兔子。此外，她看到了30张毛毛虫和15只甲虫。兔子中有多少百分比？,12
基米亚（Kimia）去了她的温室挑选一些蓝莓，发现毛毛虫是剧情中的黄蜂的六倍。然后，基米亚发现了40只白色动物，其中一半是兔子。此外，她看到了25个瓢虫和5个黄蜂。兔子中有多少百分比？,20
埃琳娜（Elena）去分配了一些覆盆子，发现瓢虫是补丁中的黄蜂的六倍。然后，埃琳娜（Elena）发现了74只白色动物，其中一半是兔子。此外，她看到了32只蚂蚁和6个黄蜂。兔子中有多少百分比？,25
瓦莱里亚（Valeria）分配了一些覆盆子，发现2/5的毛毛虫和补丁中的蜜蜂一样多。瓦莱里亚随后发现了42只白色动物，其中一半是兔子。此外，她看到了21个瓢虫和15只蜜蜂。兔子中有多少百分比？,25
纳迪亚（Nadia）去了她的果园，挑选了一些草莓，发现了花园中蜜蜂和蜜蜂一样多的黄蜂。纳迪亚随后发现了26只白动物，其中一半是兔子。此外，她看到了17个毛毛虫和6只蜜蜂。兔子在花园里有多少百分比？,25
Yara看到了一条32英尺的鲸鱼，有16个re oras，每12英寸长。然后，1/2的re悔游走了。后来，Yara看到了另外10英尺的鲸鱼，上面有6个re oras，每8英寸长，附着在上面。平均而言，每只鲸鱼的身体长度中有多少百分比由re悔覆盖？,32
阿里看到一条30英尺的鲸鱼，有18个re oras，每15英寸长。然后，1/3的re悔游走了。后来，阿里看到了另外10英尺的鲸鱼，上面有6个re oras，每8英寸长，附着在上面。平均而言，每只鲸鱼的身体长度中有多少百分比由re悔覆盖？,45
茉莉（Jasmine）看到了一个32英尺的海豚，有24个re悔，每12英寸长。然后，1/3的re悔游走了。后来，茉莉（Jasmine）看到另外8英尺的海豚，有4个re悔，每6英寸长，附着在上面。平均而言，每只海豚的体长中有多少百分比由re悔覆盖？,37
路易斯（Luis）看到了一个48英尺的海豚，有24个re悔，每18英寸长18英寸。然后，三分之一的re悔游走了。后来，路易斯看到另外10英尺的海豚，有6个re悔，每8英寸长，附着在它上。平均而言，每只海豚的体长中有多少百分比由re悔覆盖？,45
帕维尔（Pavel）看到了一条45英尺的鲸鱼，有18个雷诺拉（Remoras），每12英寸长。然后，1/2的re悔游走了。后来，帕维尔（Pavel）看到了另外10英尺的鲸鱼，上面有4个re悔，每3英寸长，附着在上面。平均而言，每只鲸鱼的身体长度中有多少百分比由re悔覆盖？,15
加布里埃尔（Gabrielle）看到了一个33英尺的鲨鱼，有12个re悔，每22英寸长。然后，re悔的四分之一游走了。后来，加布里埃尔（Gabrielle）看到了另外8英尺的鲨鱼，有6个re悔，每4英寸长，附着在上面。平均而言，re悔涵盖了每条鲨鱼的体长的百分比？,37
奥斯卡（Oscar）看到了一条38英尺的鲨鱼，有16个雷诺拉斯（Remoras），每个鲨鱼都附着19英寸长。然后，re悔的四分之一游走了。后来，奥斯卡（Oscar）看到另外10英尺的鲨鱼带有6个re oras，每3英寸长，附着在上面。平均而言，re悔涵盖了每条鲨鱼的体长的百分比？,32
奥利弗（Oliver）看到了一条48英尺的鲸鱼，有12个雷诺拉（Remoras），每24英寸长。然后，1/2的re悔游走了。后来，奥利弗（Oliver）看到了另外10英尺的鲸鱼，上面有6个re oras，每6英寸长，附着在上面。平均而言，每只鲸鱼的身体长度中有多少百分比由re悔覆盖？,27
卡洛斯（Carlos）看到了一条34英尺的鲨鱼，有18个re oras，每17英寸长。然后，三分之一的re悔游走了。后来，卡洛斯（Carlos）看到另外10英尺的鲨鱼，有4个re悔，每3英寸长，附着在上面。平均而言，re悔涵盖了每条鲨鱼的体长的百分比？,30
安德烈（Andre）看到一条30英尺长的鲸鱼，有18个re oras，每15英寸长。然后，三分之一的re悔游走了。后来，安德烈（Andre）看到了另外10英尺的鲸鱼，上面有6个re oras，每7英寸长，附着在上面。平均而言，每只鲸鱼的身体长度中有多少百分比由re悔覆盖？,42
Thiago正在为3天的科学博览会筹集资金。每天的酒店费用为250美元，食品30美元，运输费用为30美元。Thiago只有35美元。他的朋友们已经进去了，并将支付科学博览会所有食物的费用。Thiago还申请了学校的帮助，该学校决定承担科学博览会剩余成本的1/4。Thiago仍然缺少多少钱？,595
阿里（Ali）正在为期3天的体育比赛筹集资金。每天的酒店每天花费200，食物20，运输量为10。阿里只有40。他的朋友们已经进来了，并将支付体育比赛的所有食物的费用。阿里还申请了当地慈善机构的帮助，该慈善机构已决定支付运动锦标赛剩余成本的1/5。阿里仍然缺少多少钱？,464
本杰明（Benjamin）正在为3天的科学博览会筹集资金。每天的酒店费用为₺250，食物的费用为₺30，运输费用为₺20。本杰明只有165年。他的朋友们已经进去了，并将支付科学博览会所有食物的费用。本杰明还申请了家长协会的帮助，该协会已决定支付科学博览会的剩余成本的十分之一。本杰明仍然缺少多少钱？,564
莱昂（Leon）正在为期2天的研讨会筹集资金。每天的酒店费用为150日元，食物30日元，运输10日元。莱昂只有155日元。他的朋友们已经进去了，并将支付车间所有食物的费用。莱昂还申请了青年俱乐部的帮助，该俱乐部已决定承担车间剩余成本的五分之一。莱昂仍然缺少多少钱？,101
Yuki正在为期2天的音乐节筹集资金。每天的酒店费用为₺100，食物40，运输费用为₺30。Yuki只有₺10。他的朋友们已经进去了，并将支付音乐节所有食物的费用。Yuki还申请了家长协会的帮助，该协会决定承担音乐节剩余费用的1/2。Yuki仍然缺少多少钱？,120
易卜拉欣（Ibrahim）正在为期2天的会议筹集资金。每天的酒店费用为200美元，食品30美元，运输费用为30美元。易卜拉欣只有95美元。他的朋友们已经进去，并将支付会议所有食物的费用。易卜拉欣还申请了学校的帮助，该学校决定承担会议剩余费用的四分之一。易卜拉欣仍然缺少多少钱？,250
奥斯卡正在为一个为期3天的音乐节筹集资金。每天的酒店花费250，食物40，运输10。奥斯卡只有125。他的朋友们已经进去了，并将支付音乐节所有食物的费用。奥斯卡还申请了当地慈善机构的帮助，该慈善机构已决定支付音乐节剩余费用的1/6。奥斯卡仍然缺少多少钱？,525
帕维尔（Pavel）为为期两天的科学博览会筹集资金。每天的酒店费用为₺150，食品的售价为₺20，运输量为₺10。帕维尔只有₺25。他的朋友们已经进去了，并将支付科学博览会所有食物的费用。帕维尔（Pavel）还申请了父母协会的帮助，该协会决定承担科学博览会剩余成本的一半。帕维尔仍然缺少多少钱？,135
阿里（Ali）正在为期2天的体育比赛筹集资金。每天的酒店费用为₺150，食物的40次，运输量为₺10。阿里只有₺160。他的朋友们已经进来了，并将支付体育比赛的所有食物的费用。阿里还申请了父母协会的帮助，该协会决定承担运动锦标赛剩余成本的1/8。阿里仍然缺少多少钱？,120
Faisal正在为期3天的会议筹集资金。每天的酒店费用为200日元，食物30日元，运输费用为30日元。Faisal只有115日元。他的朋友们已经进去，并将支付会议所有食物的费用。Faisal还申请了青年俱乐部的帮助，该俱乐部已决定承担会议剩余费用的1/2。Faisal仍然缺少多少钱？,230
根据其营养信息，一袋面包每份有225卡路里的热量。一个300盎司的袋子有5份。健康的每日卡路里目标是每磅体重15卡路里。卡洛斯（Carlos）重200磅，他已经消耗了900卡路里的卡路里，并通过运动燃烧了150卡路里。Zahra重150磅，她已经消耗了900种食物和225卡路里的冰淇淋。与Zahra相比，卡洛斯还需要食用多少盎司面包？,300
根据其营养信息，一袋爆米花每份爆米花有300卡路里的热量。一个325克包有5份。健康的每日卡路里目标是每磅体重15卡路里。易卜拉欣重190磅，他已经消耗了950卡路里的卡路里，并通过运动燃烧了200卡路里。Priya重170磅，她已经消耗了1100种食物和250卡路里的冰淇淋。易卜拉欣还需要比普里亚（Priya）需要多少克爆米花？,195
根据其营养信息，一袋面包每份有250卡路里的热量。一个350盎司的袋子有5份。健康的每日卡路里目标是每磅体重15卡路里。Yuki重210磅，他已经消耗了1050卡路里的卡路里，并通过运动燃烧了150卡路里。茉莉花重140磅，她已经消耗了900种食物和200卡路里的冰淇淋。Yuki需要比茉莉花需要多少盎司的面包？,350
根据其营养信息，一袋饼干每份有175卡路里的热量。一个125盎司的袋子有5份。健康的每日卡路里目标是每磅体重15卡路里。Theo重250磅，他已经消耗了1100卡路里，并通过运动燃烧了150卡路里。樱花重130磅，她已经消耗了900种食物和175卡路里的冰淇淋。与樱花相比，Theo需要消费多少盎司饼干？,275
根据其营养信息，一袋爆米花每份爆米花有325卡路里的热量。一个100克袋有4份。健康的每日卡路里目标是每磅体重15卡路里。Arash重200磅，他已经消耗了1200卡路里，并通过运动燃烧了150卡路里。Mei重180磅，她已经消耗了900种食物和175卡路里的冰淇淋。与MEI相比，Arash还需要消耗多少克爆米花？,25
根据其营养信息，一袋爆米花每份有150卡路里的热量。一个300克袋有5份。健康的每日卡路里目标是每磅体重15卡路里。Arjun重210磅，他已经消耗了1000卡路里，并通过运动燃烧了100卡路里。埃琳娜（Elena）重180磅，她已经消耗了900份食物和150卡路里的冰淇淋。与埃琳娜（Elena）相比，阿琼（Arjun）还需要消耗多少克爆米花？,240
根据其营养信息，一袋饼干每份有150卡路里的热量。一个100盎司的袋子有4份。健康的每日卡路里目标是每磅体重15卡路里。加布里埃尔（Gabriel）重200磅，他已经消耗了900卡路里的卡路里，并通过运动燃烧了150卡路里。瓦伦蒂娜（Valentina）重130磅，她已经消耗了1100种食物和250卡路里的冰淇淋。与瓦伦蒂娜（Valentina）相比，加布里埃尔（Gabriel）需要多多少盎司的饼干？,275
根据其营养信息，一袋爆米花每份爆米花有450卡路里的热量。一个275克袋有5份。健康的每日卡路里目标是每磅体重15卡路里。广志重230磅，他已经消耗了900卡路里的卡路里，并通过运动燃烧了150卡路里。瓦伦蒂娜（Valentina）重180磅，她已经消耗了1100份食物和250卡路里的冰淇淋。比瓦伦蒂娜需要多多少克爆米花？,165
根据其营养信息，一袋饼干每份有200卡路里的热量。一个400盎司的袋子有5份。健康的每日卡路里目标是每磅体重15卡路里。菩提重230磅，他已经消耗了1100卡路里，并通过运动燃烧了50卡路里。Nia重130磅，她已经消耗了1000种食物和150卡路里的冰淇淋。菩提比NIA需要多多少盎司的饼干？,640
根据其营养信息，一袋面包每份有175卡路里的热量。一个125盎司的袋子有5份。健康的每日卡路里目标是每磅体重15卡路里。Sanjay重210磅，他已经消耗了1150卡路里的卡路里，并通过运动燃烧了100卡路里。索非亚体重150磅，她已经消耗了800种食物和225卡路里的冰淇淋。桑杰（Sanjay）比索非亚（Sofia）需要多少盎司的面包？,125
要从电话亭打电话，您必须为每分钟的电话支付0.7美元。10分钟后，价格下跌至每分钟0.5美元。从电话开始后30分钟后，价格甚至每两分钟降至0.1美元。如果您的总账单超过$ 15，您的总账单可享受15％的折扣。90分钟的通话费用要多少钱？,17
要从电话亭打电话，您必须为电话的每分钟支付₺0.9。10分钟后，价格下降至每分钟₺0.6。从通话开始35分钟后，价格甚至会降至每两分钟的0.4。如果您的总账单超过₺25，则总账单可享受20％的折扣。115分钟的通话费用要多少钱？,32
要从酒店房间电话打电话，您必须为电话的每分钟支付0.4欧元。15分钟后，价格下跌至每分钟0.3欧元。从通话开始35分钟后，价格甚至每两分钟下降到0.2欧元。如果您的总账单超过15欧元，则总账单可享受10％的折扣。115分钟的通话费用要多少钱？,18
要从电话亭打电话，您必须为电话的每一分钟支付₺0.8。10分钟后，价格下降至每分钟₺0.7。从通话开始30分钟后，价格甚至会降至每两分钟的₺0.4。如果您的总账单超过₺15，则总账单可享受15％的折扣。120分钟的通话费用要多少钱？,34
要从酒店房间电话打电话，您必须为电话的每一分钟支付₺0.6。10分钟后，价格下降至每分钟₺0.4。从通话开始35分钟后，价格甚至会降至每两分钟的0.1。如果您的总账单超过₺15，则总账单可享受15％的折扣。115分钟的通话费用要多少钱？,17
要从酒店房间电话打电话，您必须为电话的每分钟支付0.9日元。10分钟后，价格下降到每分钟0.6日元。从通话开始35分钟后，每两分钟的价格甚至会降至0.4日元。如果您的总账单超过15日元，您的总账单可享受20％的折扣。65分钟的通话费用要多少钱？,24
要从酒店房间电话打电话，您必须为电话的每分钟支付0.8次。10分钟后，价格下降至每分钟0.4。从通话开始30分钟后，价格甚至会降至每两分钟的0.1。如果您的总账单大于15，则总账单可享受20％的折扣。110分钟的通话费用要多少钱？,16
要从电话亭打电话，您必须为电话的每分钟支付0.9日元。10分钟后，价格下降到每分钟0.4日元。从通话开始35分钟后，价格甚至更高至每两分钟0.1日元。如果您的总账单超过15日元，则总账单可享受10％的折扣。55分钟的通话费用要多少钱？,18
要从酒店房间电话打电话，您必须为电话的每分钟支付0.9美元。10分钟后，价格下跌至每分钟0.4美元。从电话开始后30分钟后，价格甚至每两分钟降至0.1美元。如果您的总账单超过$ 15，您的总账单可享受15％的折扣。90分钟的通话费用要多少钱？,17
要从电话亭打电话，您必须为每分钟的电话支付0.7美元。10分钟后，价格下跌至每分钟0.3美元。从通话开始40分钟后，价格甚至每两分钟降至0.1美元。如果您的总账单超过$ 15，您的总账单可享受10％的折扣。120分钟的通话费用要多少钱？,18
咖啡馆的一条酸面团的费用为10美元。松饼的成本是酸面条的八分之一。咖啡馆的促销活动是，如果人们购买6个或更多的松饼，他们会在松饼上获得10％的折扣。2条面团的成本比8个松饼要多多少？,11
商店的一条面包的价格为5日元。羊角面包的成本是一条面包的3/4。这家商店的促销活动是，如果人们购买6个羊角面包或更多的羊角面包，它们会在羊角面包上获得10％的折扣。比8个羊角面包比8个面包的成本要多多少？,23
咖啡馆的一条酸面团的价格为¥15。松饼的成本是一条酸面包的1/4。咖啡馆的促销活动是，如果人们购买6个或更多的松饼，他们会在松饼上获得20％的折扣。5条面团的成本比8个松饼要多多少？,51
面包店的一条面包的价格为10欧元。百吉饼的成本是一条面包的1/8。面包店的促销活动是，如果一个人购买7个或更多百吉饼，则可以在百吉饼上享受10％的折扣。5条面包的成本比8个百吉饼多多少？,41
咖啡馆的一条酸面团的价格为¥15。松饼的成本是一条酸面团的四分之一。咖啡馆的促销活动是，如果一个人购买3个或更多的松饼，他们会在松饼上获得20％的折扣。10条面包的成本比8个松饼还要多多少？,126
咖啡馆的一条酸面团的费用为₣10。松饼的成本是酸面条的八分之一。咖啡馆的促销活动是，如果人们购买4个或更多的松饼，他们会在松饼上获得20％的折扣。3条面团的成本比12个松饼要多多少？,18
市场上的一条酸面团的费用为₣5。饼干的成本是酸面条的四分之一。市场的促销活动是，如果一个人购买4个饼干或更多饼干，他们会获得20％的饼干折扣。9面包的酸面团费用比8个饼干多多少？,37
市场上的一条酸面团的价格为5美元。饼干的成本是一条酸面条的3/4。市场的促销活动是，如果人们购买5个或更多的饼干，它们会获得10％的饼干折扣。7个面包的酸面团费用比8个饼干多多少？,8
商店的一条面包的价格为5日元。羊角面包的成本是一条面包的四分之一。这家商店的促销活动是，如果一个人购买5个羊角面包或更多的羊角面包，它们会在羊角面包上获得20％的折扣。4个面包的成本比8个羊角面包要多多少？,12
商店的一条面包的价格为₣5。羊角面包的成本是一条面包的3/4。这家商店的促销活动是，如果一个人购买4个羊角面包或更多的羊角面包，它们会在羊角面包上获得20％的折扣。9面包的成本比8种羊角面包要多多少？,21
一名看门人必须清洁带有80个房间的建筑物。他们有4天的时间来完成它。每间房间需要6分钟。但是，由于最近的受伤，看门人变慢了，这些天来清理房间的时间很长。如果他们每天工作10个小时，那么整天的百分比平均是在清洁室？,40
维修人员必须清洁具有150层的大学。他们有6天的时间来完成它。每层需要6分钟。但是，由于最近的伤害，维护工人变得越来越慢，这些天来清洁地板的时间较长。如果他们每天工作10个小时，那么清洁地板的时间平均是多少？,50
一个看门人必须清洁一栋拥有135层的建筑物。他们有3天的时间来完成它。他们每层需要5分钟。但是，由于最近的伤害，看门人变慢了，这些天来清洁地板的时间很长。如果他们每天工作15个小时，那么清洁地板的平均百分比是多少？,50
一个清洁工必须清洁拥有60层的医院。他们有3天的时间来完成它。每层需要6分钟。但是，由于最近的受伤，清洁剂变慢了，这些天来清洁地板需要两倍。如果他们每天工作8个小时，那么清洁地板的平均百分比是多少？,50
一个清洁工必须清洁带有90层的医院。他们有10天的时间来完成它。每层需要10分钟。但是，由于最近的受伤，清洁剂变慢了，这些天来清洁地板需要两倍。如果他们每天工作15个小时，那么清洁地板的平均百分比是多少？,20
一个清洁工必须清洁拥有135层的医院。他们有5天的时间来完成它。他们每层需要5分钟。但是，由于最近的受伤，清洁剂变慢了，这些天来清洁地板需要两倍。如果他们每天工作9个小时，那么平均每天的百分比是在清洁地板上花费多少？,50
维护人员必须清洁一所拥有160层的大学。他们有10天的时间来完成它。每层需要15分钟。但是，由于最近的伤害，维护工人变得越来越慢，这些天来清洁地板的时间较长。如果他们每天工作10个小时，那么清洁地板的时间平均是多少？,80
维修人员必须清洁一所拥有120层的大学。他们有5天的时间来完成它。他们每层需要5分钟。但是，由于最近的伤害，维护工人变得越来越慢，这些天来清洁地板的时间较长。如果他们每天工作10个小时，那么清洁地板的时间平均是多少？,40
一个清洁工必须清洁拥有70间客房的医院。他们有10天的时间来完成它。每间房间需要15分钟。但是，由于最近的受伤，清洁剂变慢了，这些天来清洁房间需要两倍。如果他们每天工作7个小时，那么整天的百分比平均是在清洁室？,50
一个清洁工必须清洁带有165个房间的医院。他们有11天的时间来完成它。每间房间需要6分钟。但是，由于最近的受伤，清洁剂变慢了，这些天来清洁房间需要两倍。如果他们每天工作10个小时，那么整天的百分比平均是在清洁室？,30
一组290名学生有各种爱好。12喜欢绘画，8喜欢下棋，13喜欢游泳，39喜欢打板球，其余的喜欢玩电子游戏或远足。如果喜欢远足的学生人数比板球比赛的人数少5倍，那么学生喜欢玩电子游戏的百分比？,50
230名学生有各种爱好。5喜欢跳舞，8喜欢下棋，13喜欢游泳，32喜欢打排球，其余的人喜欢玩电子游戏或播放音乐。如果喜欢播放音乐的学生的数量比打排球的数字少7倍，那么学生喜欢玩电子游戏的百分比？,50
150名学生的班级有各种爱好。20喜欢绘画，8喜欢下棋，13喜欢游泳，17喜欢踢足球，其余的喜欢跳舞或读书。如果喜欢阅读的学生的数量是比踢足球的两倍的两倍，那么学生中有多少百分比喜欢跳舞？,40
一组150名学生有各种爱好。27喜欢播放音乐，8喜欢下棋，13喜欢游泳，9喜欢踢足球，其余的喜欢绘画或玩电子游戏。如果喜欢玩电子游戏的学生的数量是踢足球的两倍的两倍，那么学生中有多少百分比喜欢绘画？,52
100名学生的班级有各种爱好。14喜欢远足，8喜欢下棋，13喜欢游泳，2喜欢打板球，其余的喜欢跳舞或播放音乐。如果喜欢播放音乐的学生的数量比板球比赛的数字少5倍，那么学生喜欢跳舞多少百分比？,48
150名学生的班级有各种爱好。17喜欢烘烤，8喜欢下棋，13喜欢游泳，23喜欢踢足球，其余的人喜欢读书或绘画。如果喜欢绘画的学生的数量比喜欢踢足球的人数少4个？,16
一组100名学生有各种爱好。29喜欢跳舞，8喜欢下象棋，13喜欢游泳，4喜欢玩投掷，其余的人喜欢阅读或绘画。如果喜欢绘画的学生的数量是偏爱投掷的人数的四倍，那么学生中有多少百分比喜欢阅读？,35
90名学生的班级有各种爱好。11喜欢阅读，8喜欢下棋，13喜欢游泳，6喜欢打投球，其余的喜欢跳舞或烘烤。如果喜欢烘烤的学生的数量是偏爱投掷的人数的六倍，那么学生中有多少百分比喜欢跳舞？,20
一组150名学生有各种爱好。59喜欢跳舞，8喜欢下棋，13喜欢游泳，3喜欢玩投掷，其余的喜欢播放音乐或玩电子游戏。如果喜欢玩视频游戏的学生人数少于比玩投掷的人数少的十倍，那么学生喜欢播放音乐的比例是多少？,26
一组200名学生有各种爱好。30喜欢烘烤，8喜欢下棋，13喜欢游泳，6喜欢玩投掷，其余的喜欢跳舞或油漆。？,47
Gabriel将杏仁放在盘子和碗上。每个盘子可以容纳20个杏仁，而每个碗可以容纳四倍。加布里埃尔（Gabriel）有675个杏仁，9盘和3碗。不幸的是，有2个碗打破。加布里埃尔随后吃了所有杏仁的五分之一。加布里埃尔还需要多少盘子，以便他可以放置所有剩下的杏仁？,14
阿里将饼干放在碗和盘子上。每个碗可以容纳40个饼干，而每个盘子可以容纳两倍。阿里有675份饼干，8碗和5个盘子。不幸的是，有2个盘子断裂。然后，阿里吃了所有饼干的九分之一。阿里还需要多少个碗，以便他可以放置所有剩下的饼干？,1
Sanjay将杏仁放在碗和盘子上。每个碗都可以容纳30颗杏仁，而每盘则可以容纳3倍。Sanjay有675个杏仁，12碗和3盘。不幸的是，有2个盘子断裂。然后，桑杰（Sanjay）吃了所有杏仁的九分之一。Sanjay还需要多少碗，以便他可以放置所有剩下的杏仁？,5
卡洛斯将饼干放在碗和桌子上。每个碗可以容纳20个饼干，而每张桌子可以容纳三倍。卡洛斯（Carlos）有525张饼干，13碗和4张桌子。不幸的是，有2张桌子断开。然后，卡洛斯吃了所有饼干的五分之一。卡洛斯还需要多少个碗，以便他可以放置所有剩下的饼干？,2
本杰明将饼干放在碗和盘子上。每个碗可以容纳21个饼干，而每个盘子可以容纳两倍。本杰明有720个饼干，9碗和3个盘子。不幸的是，有2个盘子断裂。然后，本杰明随后吃了八分之一的饼干。本杰明还需要多少个碗，以便他可以放置所有剩下的饼干？,19
WEI将饼干放在碗和盘子上。每个碗都可以容纳25个饼干，而每个盘子可以容纳四倍。WEI有630个饼干，12个碗和3个盘子。不幸的是，有2个盘子断裂。然后，魏吃了所有饼干的六分之一。魏还需要多少个碗，以便他可以放置所有剩下的饼干？,5
卡洛斯将杏仁放在碗和桌子上。每个碗可以容纳24个杏仁，而每张桌子可以容纳三倍。卡洛斯有720颗杏仁，7碗和3张桌子。不幸的是，有2张桌子断开。然后，卡洛斯吃了所有杏仁的五分之一。卡洛斯还需要多少碗，以便他可以放置所有剩下的杏仁？,14
Arash将饼干放在桌子和盘子上。每张桌子可以容纳25个饼干，而每张盘子可以容纳六倍。Arash有600张饼干，11张桌子和3个盘子。不幸的是，有2个盘子断裂。然后，阿拉什（Arash）吃了所有饼干中的四分之一。Arash还需要几张桌子，以便他可以放置所有剩下的饼干？,1
Thiago将饼干放在碗和桌子上。每个碗可以容纳20个饼干，而每张桌子可以容纳两倍。Thiago有600个饼干，17碗和5张桌子。不幸的是，有2张桌子断开。然后，蒂亚戈（Thiago）吃了所有饼干的五分之一。Thiago还需要多少个碗，以便他可以放置所有剩下的饼干？,1
Yuki将橄榄放在盘子和碗上。每个盘子可以容纳24个橄榄，而每个碗可以容纳两倍。Yuki有720个橄榄，11盘和3碗。不幸的是，有2个碗打破。然后，Yuki吃了所有橄榄的五分之二。Yuki还需要多少盘子，以便他可以放置所有剩下的橄榄？,5
Faisal每天晚上完成作业后观看电视。在星期三和星期四，他每天晚上都观看了他最喜欢的节目的4小时情节。星期五，他观看了30分钟的演出的几集。周六，他提早完成了作业，观看了5小时的情节和15分钟的演出。周日，他必须熬夜，所以他看了四个3小时的情节。周一，他每45分钟观看了三集。如果他总共看了28个小时的电视，他在星期五看了多少个30分钟的剧集？,1
利亚姆（Liam）每天晚上完成作业后看电视。在周六和周日，他每天晚上都观看了他最喜欢的节目的5小时情节。周一，他观看了30分钟的演出的几集。周二，他提早完成了作业，观看了4小时的情节和60分钟的演出。在星期三，他必须熬夜，所以他观看了三个3小时的情节。周四，他每30分钟观看了五集。如果他总共看了28个小时的电视，他周一观看了多少个30分钟的剧集？,3
Thiago每天晚上完成作业后看电视。在星期二和星期三，他每天晚上都观看了他最喜欢的节目的5小时情节。周四，他观看了30分钟的演出的几集。星期五，他提早完成了作业，观看了5小时的情节和30分钟的演出。星期六，他必须熬夜，所以他看了三个4小时的情节。周日，他看了两集，每15分钟。如果他总共看了31个小时的电视，那么他在星期四看了多少个30分钟的剧集？,6
Arash每天晚上完成作业后观看电视。在周日和星期一，他每天晚上观看了他最喜欢的节目的4小时情节。周二，他观看了45分钟的演出的几集。在星期三，他提早完成了作业，观看了2小时的情节和15分钟的演出。在星期四，他必须熬夜，所以他看了五个2小时的情节。星期五，他每30分钟观看四集。如果他总共看了26个小时的电视，他周二观看了多少次45分钟的剧集？,5
莱昂每天晚上完成作业后看电视。在周日和星期一，他每天晚上观看了他最喜欢的节目的4小时情节。周二，他观看了30分钟的演出的几集。在星期三，他提早完成了作业，并观看了2小时的情节和60分钟的演出。在星期四，他必须熬夜，所以他看了三个3小时的情节。星期五，他每30分钟观看三集。如果他看了24小时的电视，他周二观看了多少个30分钟的剧集？,5
菩提每天晚上完成作业后看电视。在星期三和星期四，他每天晚上都观看了他最喜欢的节目的3小时情节。星期五，他观看了60分钟的演出的几集。周六，他提早完成了作业，观看了5小时的情节和60分钟的演出。周日，他必须熬夜，所以他看了四个4小时的情节。周一，他每30分钟观看四集。如果他总共看了31个小时的电视，他在星期五看了几次60分钟的剧集？,1
詹姆斯每天晚上完成作业后看电视。在星期二和星期三，他每天晚上都观看了他最喜欢的节目的4小时情节。周四，他观看了15分钟的演出的几集。星期五，他提早完成了作业，观看了4小时的情节和15分钟的演出。星期六，他必须熬夜，所以他看了四个4小时的情节。周日，他每45分钟观看了三集。如果他总共看了31个小时的电视，他在星期四看了几次15分钟的剧集？,2
亚历杭德罗（Alejandro）每天晚上完成作业后观看电视。在星期一和星期二，他每天晚上观看了他最喜欢的节目的4小时情节。周三，他观看了45分钟的演出的几集。周四，他提早完成了作业，观看了4小时的情节和15分钟的演出。星期五，他必须熬夜，所以他观看了四个3小时的情节。周六，他每45分钟观看了三集。如果他总共看了31个小时的电视，他在星期三观看了多少次45分钟？,6
Mateo每天晚上完成作业后观看电视。在周日和星期一，他每天晚上都观看了他最喜欢的节目的3小时情节。周二，他观看了60分钟的演出的几集。周三，他提早完成了作业，观看了5小时的情节和30分钟的演出。星期四，他必须熬夜，所以他看了两个5小时的情节。星期五，他看了两集，每15分钟。如果他总共看了29个小时的电视，他周二观看了几次60分钟的剧集？,7
Qasim每天晚上完成作业后看电视。在星期三和星期四，他每天晚上都观看了他最喜欢的节目的3小时情节。星期五，他观看了60分钟的演出的几集。周六，他提早完成了作业，观看了2小时的情节和15分钟的演出。周日，他必须熬夜，所以他看了四个3小时的情节。周一，他每15分钟观看三集。如果他总共看了28个小时的电视，他周五看了几次60分钟的剧集？,7
拉维（Ravi），帕维尔（Pavel）目前年龄相距22岁。Ravi和Leilani目前相距十年。拉维（Ravi）比帕维尔（Pavel）年轻，但比莱拉尼（Leilani）年龄大，在8年内将达到47岁。莱拉尼比这三个年龄的平均年龄年轻？,14
Chen，Theo目前年龄相距10年。陈和塔拉目前相距7年。比西奥（Theo）年轻，但比塔拉（Tara）大的陈（Chen）在7年内将达到60岁。塔拉（Tara）比这三个年龄的平均年龄小多少？,8
本杰明，卢卡目前年龄相距29岁。本杰明和索非亚目前相距17年。本杰明（Benjamin）比卢卡（Luca）年轻，但比索非亚（Sofia）大，在4年内将达到27。索非亚比这三个平均年龄年轻多少？,21
Sakura，Arash目前年龄相距29岁。樱花和塔拉目前相距11年。樱花比阿拉什（Arash）年轻，但比塔拉（Tara）年龄大，在5年内将达到66岁。塔拉（Tara）比这三个年龄的平均年龄小多少？,17
卢卡（Luca），利亚姆（Liam）目前年龄相距19岁。卢卡（Luca）和帕维尔（Pavel）目前相距十年。卢卡（Luca）比利亚姆（Liam）年轻，但比帕维尔（Pavel）年龄大，在6年内将达到59岁。帕维尔（Pavel）比这三个年龄的平均年龄年轻多少？,13
索菲亚（Sophia），易卜拉欣（Ibrahim）目前年龄27岁。索菲亚（Sophia）和西奥（Theo）目前相距15年。索菲亚（Sophia）比易卜拉欣（Ibrahim）年轻，但比西奥（Theo）大，在10年内将是35岁。西奥比这三个的平均年龄年轻多少？,19
奥利维亚（Olivia），菩提（Bodhi）目前年龄相隔24岁。奥利维亚（Olivia）和基沙（Keisha）目前相距15年。奥利维亚（Olivia）比菩提（Bodhi）年轻，但比凯莎（Keisha）年长，在7年内将达到42岁。Keisha比这三个年龄的平均年龄年轻多少？,18
迭戈，奥斯卡目前年龄相距19岁。迭戈和莱昂目前相距十年。迭戈（Diego）比奥斯卡（Oscar）年轻，但比莱昂（Leon）年龄大，在9年内将达到36岁。莱昂比这三个年龄的平均年龄小多少？,13
埃斯特万（Esteban），奥利弗（Oliver）目前年龄相距16岁。Esteban和Yuki目前相距13年。埃斯特班（Esteban）比奥利弗（Oliver）年轻，但比Yuki还年轻，在6年内将达到70。Yuki比这三个年龄的平均年龄年轻？,14
Yuki，Andre目前年龄相隔17岁。Yuki和Diego目前相距8年。Yuki比安德烈（Andre）年轻，但比迭戈（Diego）大，在6年内将是43岁。迭戈比这三个年龄的平均年龄年轻？,11
魏正在出售纸杯蛋糕和李子馅饼进行筹款活动。周一，他卖出了28盒纸杯蛋糕，比周二卖出了19盒李子派。周二，他卖出的纸杯蛋糕要比周一多14盒纸杯蛋糕和27盒李子派。在星期三，他卖出的卖了过去两天的总和。如果纸杯蛋糕的价格为11美元，而李子派的价格为23美元，那么Wei的平均每日收入是多少？,1050
本杰明（Benjamin）正在出售纸杯蛋糕和菠萝馅饼，以供筹款活动。在星期三，他卖出了27盒纸杯蛋糕，比周四卖出了18盒菠萝馅饼。周四，他卖出的纸杯蛋糕要比周三多12盒，还有27盒菠萝派。星期五，他卖出的卖了过去两天的总和。如果纸杯蛋糕的价格为8日元和菠萝派的价格¥22，那么本杰明的平均每日收入是多少？,880
乌玛尔（Umar）正在出售松饼和杏馅饼进行筹款活动。星期四，他卖出了28盒松饼和比周五少13盒杏子馅饼。上周五，他卖出的松饼盒要比周四多，还有21盒杏子馅饼。在星期六，他卖出了过去两天的总和。如果松饼的价格为11美元，杏子派的价格为30美元，那么Umar的平均每日收入是多少？,1086
塔里克（Tariq）正在出售布朗尼蛋糕和杏馅饼进行筹款活动。周四，他卖出了25盒布朗尼盒，比星期五卖出了12盒杏子馅饼。星期五，他卖出的布朗尼蛋糕要多于周四，还有24盒杏饼。在星期六，他卖出了过去两天的总和。如果布朗尼蛋糕的成本₣9和杏派的成本₣20，塔里克的平均每日收入是多少？,864
阿里（Ali）正在出售松饼和橙色馅饼进行筹款活动。星期二，他卖出了22盒松饼和比周三少13盒橙色派。在星期三，他卖出了比周二多13盒松饼和23盒橙色派。在星期四，他卖出了过去两天的总和。如果松饼的价格为9欧元，而橙色派的价格为32欧元，那么阿里的平均每日收入是多少？,1046
蒂亚戈（Thiago）正在出售饼干和杏仁派的筹款活动。周二，他卖出了26盒饼干和比周三少的19盒杏饼。在星期三，他卖了14盒饼干，比星期二和24盒杏子派。在星期四，他卖出了过去两天的总和。如果饼干成本₣11和杏派的成本₣24，Thiago的平均每日收入是多少？,948
卡洛斯（Carlos）正在出售纸杯蛋糕和杏馅饼进行筹款活动。星期四，他卖出了24盒纸杯蛋糕和比周五少的杏子馅饼少19个。星期五，他卖出的纸杯蛋糕还多于星期四，还有29盒杏馅饼。在星期六，他卖出了过去两天的总和。如果纸杯蛋糕的价格为8日元，杏子派的价格¥21，卡洛斯的平均每日收入是多少？,866
维克多（Viktor）正在出售饼干和西瓜派进行筹款活动。周二，他卖出了22盒饼干和比周三少14盒西瓜派。在星期三，他卖出了比周二多14盒饼干和23盒西瓜派。在星期四，他卖出了过去两天的总和。如果Cookie的成本₣10和西瓜派的成本₣22，Viktor的平均每日收入是多少？,856
加布里埃尔（Gabriel）正在出售松饼和李子派以进行筹款活动。周日，他卖出了28盒松饼，比星期一卖出11盒李子派。周一，他卖出的松饼盒要比周日多14盒，还有22盒李子派。在星期二，他卖出了过去两天的总和。如果松饼的价格为12美元，李子派的价格为22美元，那么加布里埃尔的平均每日收入是多少？,1044
维克多（Viktor）正在为筹款活动出售松饼和菠萝馅饼。周日，他卖出了24盒松饼和比星期一少15盒菠萝派。周一，他比周日多出12盒松饼和27盒菠萝派。在星期二，他卖出了过去两天的总和。如果松饼成本₺12和菠萝派的成本₺23，那么维克多的平均每日收入是多少？,1078
迭戈今年21岁。在5年的时间里，他的堂兄普里亚（Priya）的年龄是迭戈（Diego）现在的2倍。迭戈的兄弟卡西姆（Qasim）比迭戈（Diego）小9岁，普里亚（Priya）姐姐米娅（Mia）比Qasim大10岁。四年内所有四个的平均水平是多少？,27
奥利弗（Oliver）今年15岁。在8年的时间里，他的堂兄奥利维亚（Olivia）年龄是奥利弗（Oliver）现在的3倍。奥利弗（Oliver）的兄弟加布里埃尔（Gabriel）比奥利弗（Oliver）小11岁，奥利维亚（Olivia）姐妹法蒂玛（Fatima）比加布里埃尔（Gabriel）大8岁。五年来所有四个的平均水平是多少？,22
凯今年22岁。在5年内，他的堂兄乌玛（Uma）的年龄将是Kai现在的4倍。凯的兄弟贾马尔（Jamal）比凯（Kai）年轻6岁，乌玛（Uma）姐姐拉尼亚（Rania）比贾马尔（Jamal）大11岁。四年内所有四个的平均水平是多少？,41
卡洛斯（Carlos）今年14岁。在8年的时间里，他的堂兄Yara将像卡洛斯（Carlos）一样年龄4倍。卡洛斯（Carlos）的兄弟金（Jin）比卡洛斯（Carlos）年轻11岁，而雅拉（Yara）的米娅（Yara Sister Mia）比金（Jin）大8岁。6年内所有四个的平均水平是多少？,25
奥斯卡15岁。在9年的时间里，他的堂兄扎赫拉（Zahra）年龄是奥斯卡（Oscar）现在的3倍。奥斯卡的兄弟奥利弗（Oliver）比奥斯卡（Oscar）年轻12岁，扎赫拉（Zahra）姐姐艾玛（Emma）比奥利弗（Oliver）大11岁。三年中所有四个的平均水平是多少？,20
西奥（Theo）今年20岁。在7年的时间里，他的堂兄Yara将是Theo现在的2倍。西奥的兄弟奥斯卡（Oscar）比西奥（Theo）年轻7岁，而雅拉姐妹塔拉（Yara Sister Tara）比奥斯卡大9岁。6年内所有四个的平均水平是多少？,28
奥利弗（Oliver）今年12岁。在9年的时间里，他的堂兄Ananya的年龄将是Oliver现在的3倍。奥利弗（Oliver）的兄弟凯（Kai）比奥利弗（Oliver）小9岁，而阿尼亚（Ananya）的姐姐基米亚（Kimia）比凯（Kai）大7岁。四年内所有四个的平均水平是多少？,17
Deshawn已有23岁。在8年的时间里，他的堂兄Ananya的年龄将是Deshawn现在的4倍。Deshawn的兄弟迭戈（Diego）比Deshawn小9岁，而Ananya姐妹索菲亚（Sophia）比迭戈（Diego）大9岁。两年中所有四个的平均水平是多少？,38
菩提21岁。在8年的时间里，他的堂兄瓦伦蒂娜（Valentina）的年龄将是菩提（Bodhi）现在的3倍。Bodhi的兄弟Qasim比Bodhi小9岁，Valentina Sister Beatriz比Qasim大8岁。两年中所有四个的平均水平是多少？,29
卡西姆（Qasim）今年15岁。在2年的时间里，他的堂兄埃琳娜（Elena）年龄是卡西姆（Qasim）现在的3倍。Qasim的兄弟利亚姆（Liam）比Qasim年轻9岁，Elena Sister Sophia比Liam大10岁。五年来所有四个的平均水平是多少？,25
当索非亚看着她的兄弟时，她为他拿出了各种玩具。构建块的袋中有33个街区。毛绒动物的垃圾桶里面有5个毛绒动物。动作人物包中的动作数字数量是组合块和填充动物的数量的两倍。蜡笔盒有12种不同颜色的蜡笔，贴纸书有9页，每本有13个贴纸。堆叠环的塔上有28个彩色戒指。索非亚最近购买了一根弹力球，为哥哥带来了她的总数320。,49
当纳迪亚看着她的堂兄时，她为他拿出了各种玩具。构建块的袋中有36个街区。毛绒动物的垃圾桶里面有8个毛绒动物。动作人物包中的动作数字数量是组合块和填充动物的数量的两倍。蜡笔盒有12种不同颜色的蜡笔，贴纸书有9页，每本有12个贴纸。堆叠环的塔上有30个彩色戒指。纳迪亚（Nadia）最近购买了一个有弹性的球，使她的表弟总数达到330。,48
当Nia看着她的堂兄时，她为他拿出了各种玩具。构建块的袋中有36个街区。毛绒动物的垃圾桶里面有8个毛绒动物。动作人物包中的动作数字数量是组合块和填充动物的数量的两倍。蜡笔盒有12种不同颜色的蜡笔，贴纸书有9页，每本有11个贴纸。堆叠环的塔上有26个彩色戒指。Nia最近购买了一个有弹性的球，使她的表弟总数达到310。,41
当凯拉（Kayla）看着她的兄弟时，她为他拿出了各种玩具。构建块的袋中有32个街区。毛绒动物的垃圾桶里面有5个毛绒动物。动作人物包中的动作数字数量是组合块和填充动物的数量的两倍。蜡笔盒有12种不同颜色的蜡笔，贴纸书有6页，每本有11个贴纸。堆叠环的塔上有32个彩色戒指。凯拉（Kayla）最近购买了一管弹性球，为哥哥的总数增加了270个。管子里有多少个弹力球？,49
当Xena看着她的堂兄时，她为他拿出了各种玩具。构建块的袋中有33个街区。毛绒动物的垃圾桶里面有8个毛绒动物。动作人物包中的动作数字数量是组合块和填充动物的数量的两倍。蜡笔盒有12种不同颜色的蜡笔，贴纸书有7页，每本有12个贴纸。堆叠环的塔上有26个彩色戒指。Xena最近购买了一个有弹性的球，使她的表弟总数达到300。,55
当米娅看着她的兄弟时，她为他拿出了各种玩具。构建块的袋中有42个街区。毛绒动物的垃圾桶里面有5个毛绒动物。动作人物包中的动作数字数量是组合块和填充动物的数量的两倍。蜡笔盒有12种不同颜色的蜡笔，贴纸书有6页，每本有9个贴纸。堆叠环的塔上有34个彩色环。米娅（Mia）最近购买了一管弹力球，为哥哥的总数增加了290。,49
当陈看侄子时，她为他拿出了各种玩具。构建块的袋中有32个街区。毛绒动物的垃圾桶里面有6个毛绒动物。动作人物包中的动作数字数量是组合块和填充动物的数量的两倍。蜡笔盒有12种不同颜色的蜡笔，贴纸书有8页，每本有13个贴纸。堆叠环的塔上有28个彩色戒指。Chen最近购买了一根弹力球，为侄子带来了300个物品的总数。试管中有多少个弹力球？,42
当Haruka看着她的兄弟时，她为他拿出了各种玩具。构建块的袋中有34个街区。毛绒动物的垃圾桶里面有8个毛绒动物。动作人物包中的动作数字数量是组合块和填充动物的数量的两倍。蜡笔盒有12种不同颜色的蜡笔，贴纸书有9页，每本有9页。堆叠环的塔上有26个彩色戒指。Haruka最近购买了一个有弹性的球，为她的兄弟的总数增加了300个。管子里有多少个弹力球？,55
当Yara看着侄子时，她为他拿出了各种玩具。构建块的袋中有35个街区。毛绒动物的垃圾桶里面有9个毛绒动物。动作人物包中的动作数字数量是组合块和填充动物的数量的两倍。蜡笔盒有12种不同颜色的蜡笔，贴纸书有7页，每本有13个贴纸。堆叠环的塔上有31个彩色戒指。亚拉（Yara）最近购买了一管弹力球，使她的侄子总数达到340。,74
当塔拉（Tara）看着侄子时，她为他拿出了各种玩具。构建块的袋中有38个街区。毛绒动物的垃圾桶里面有5个毛绒动物。动作人物包中的动作数字数量是组合块和填充动物的数量的两倍。蜡笔盒有12种不同颜色的蜡笔，贴纸书有7页，每本有11个贴纸。堆叠环的塔上有30个彩色戒指。塔拉（Tara）最近购买了一根弹力球，使她的侄子总数达到290。,42
一个叔叔每天吃16个比萨饼，他的配偶每天吃16个比萨饼，他们的孙子每天吃的披萨数量的一半。一个月后，该家庭决定在第二个月进行节食，在本月上半年将食物消费量减少了25％，然后在下半年将食物消耗量增加了50％。这个家庭在两个月内吃了几个比萨饼？,2250
一个叔叔每天吃24个汉堡包，他的配偶每天吃24个汉堡包，他们的孙子每天吃的汉堡包数量的一半。一个月后，该家庭决定在第二个月进行饮食，在本月上半年将食物消费量减少了75％，然后在下半年将食物消耗量增加了50％。这个家庭在两个月内吃了多少个汉堡包？,2565
父亲每天吃5个墨西哥卷饼，他的妻子每天吃25个墨西哥卷饼，他们的女儿每天吃的墨西哥卷饼数量的三分之一。一个月后，该家庭决定在第二个月进行饮食，在本月上半年将食物消费量减少60％，然后在下半年增加50％。这个家庭在两个月内吃了多少墨西哥卷饼？,1560
一个祖父每天吃10次寿司卷，他的伴侣每天吃15卷，他们的儿子每天吃的寿司卷中五分之四的寿司。一个月后，该家庭决定在第二个月进行饮食，在本月上半年将食物消费量减少20％，然后在下半年增加25％。这个家庭在两个月内吃了多少寿司卷？,2295
父亲每天吃20个比萨饼，他的妻子每天吃5个比萨饼，他们的女儿每天吃的披萨数量的五分之一。一个月后，这个家庭决定在第二个月进行饮食，在本月上半年将食物消费量减少了20％，然后在下半年将食物消耗量增加了75％。这个家庭在两个月内吃了几个比萨饼？,1350
父亲每天吃25个汉堡包，他的妻子每天吃20个汉堡包，他们的女儿每天吃的汉堡包数量的三分之二。一个月后，该家庭决定在第二个月进行饮食，在本月上半年将食物消费量减少20％，然后在下半年增加25％。这个家庭在两个月内吃了多少个汉堡包？,3825
一个叔叔每天吃20张寿司卷，他的配偶每天吃10个寿司卷，他们的孙子每天吃的寿司卷数量六分之六分之一。一个月后，该家庭决定在第二个月进行饮食，在本月上半年将食物消费量减少了60％，然后在下半年将食物消耗量增加了75％。这个家庭在两个月内吃了多少寿司卷？,1500
一个叔叔每天吃10卷卷饼，他的配偶每天吃20个墨西哥卷饼，他们的孙子每天吃的墨西哥卷饼数量中有三分之二。一个月后，这个家庭决定在第二个月进行饮食，在本月上半年将食物消费量减少了20％，然后在下半年将食物消耗量增加了75％。这个家庭在两个月内吃了多少墨西哥卷饼？,2025
一个祖父每天吃20个汉堡包，他的伴侣每天吃20个汉堡包，他们的儿子每天吃的汉堡包数量的三分之二。一个月后，该家庭决定在第二个月进行节食，在本月上半年将食物消费量减少了25％，然后在下半年将食物消耗量增加了20％。这个家庭在两个月内吃了多少个汉堡包？,3015
一个祖父每天吃10种炸玉米饼，他的伴侣每天吃20种炸玉米饼，他们的儿子每天吃的炸玉米饼数量的一半。一个月后，该家庭决定在第二个月进行饮食，在本月上半年将食物消费量减少60％，然后在下半年增加50％。这个家庭在两个月内吃了多少炸玉米饼？,1755
基米亚的花坛长126英尺。基米亚想用植物装满她的花坛。Kimia的花朵生长了7feet宽，因此她需要在每种植物之间（包括植物宽度）之间留下14英尺。基米亚已经拥有6朵花。每家开花植物在商店的价格为4。但是，如果她购买了2种以上的植物，则她将在整个购买中获得5个折扣。基米亚将在商店里花多少钱来填满她的花床？,7
加布里埃尔（Gabrielle）的花坛长150米。加布里埃尔（Gabrielle）想用植物装满她的花床。加布里埃尔（Gabrielle）的花朵长3米，因此她需要在每种植物（包括植物宽度）之间留下15米。加布里埃尔已经拥有7朵花。每家开花厂在商店的价格为3美元。但是，如果她购买了2种以上的植物，她将在整个购买中获得8美元的折扣。Gabrielle将在商店里花多少钱来填满她的花床？,1
梅的花床长120米。梅想用植物装满她的花床。梅的花朵长4米，因此她需要在每种植物（包括植物宽度）之间留下12米。梅已经拥有6朵花。每家开花厂在商店的价格为5美元。但是，如果她购买了2种以上的植物，她将在整个购买中获得5美元的折扣。梅将在商店里花多少钱来填满她的花床？,15
Haruka的花坛长117米。Haruka想用植物装满她的花坛。Haruka的花朵长3米，因此她需要在每种植物（包括植物宽度）之间留下13米。Haruka已经拥有6朵花。每家开花厂在商店的价格为8欧元。但是，如果她购买了2种以上的植物，她将在整个购买中获得9欧元的折扣。Haruka将在商店里花多少钱来填满她的花床？,15
瓦伦蒂娜（Valentina）的花坛长144英尺。瓦伦蒂娜（Valentina）想用植物装满她的花床。瓦伦蒂娜（Valentina）的花朵生长了7feet宽，因此她需要在每种植物（包括植物宽度）之间留下18英尺。瓦伦蒂娜已经拥有5朵花。每家开花厂在商店的价格为5美元。但是，如果她购买了2种以上的植物，她将在整个购买中获得8美元的折扣。Valentina将在商店里花多少钱来填满她的花床？,7
Zahra的花坛长144英尺。Zahra想用植物装满她的花坛。Zahra的花朵生长了4fet宽，因此她需要在每种植物之间（包括植物宽度）之间留下12英尺。Zahra已经拥有5朵花。每家开花植物在商店的成本为13。但是，如果她购买了2种以上的植物，则她将在整个购买中获得5个折扣。Zahra将在商店里花多少钱来填满她的花床？,86
伊莎贝拉（Isabella）的花坛长143米。伊莎贝拉（Isabella）想用植物装满她的花床。伊莎贝拉（Isabella）的花朵生长了2米宽，因此她需要在每种植物（包括植物宽度）之间留下13米。伊莎贝拉已经拥有5朵花。每家开花厂的价格在商店里为10。但是，如果她购买了2种以上的植物，则她将在整个购买中获得7个折扣。伊莎贝拉（Isabella）在商店里花多少钱来填满她的花床？,53
达芙妮的花坛长144米。达芙妮想用植物装满她的花床。达芙妮（Daphne）的花朵长2米，因此她需要在每种植物（包括植物宽度）之间留下12米。达芙妮已经拥有7朵花。商店的每个开花厂的价格为3日元。但是，如果她购买了2种以上的植物，她将在整个购买中获得9日元的折扣。达芙妮会在商店里花多少钱来填满她的花床？,6
樱花的花坛长120米。樱花想用植物装满她的花床。樱花的花朵长7米宽，因此她需要在每种植物（包括植物宽度）之间留下12米。樱花已经拥有7朵花。每家开花厂的价格在商店的价格为₺9。但是，如果她购买了2种以上的植物，她将在整个购买中获得₺6折扣。樱花会在商店里花多少钱来填满她的花床？,21
Mia的花坛长128英尺。米娅想用植物装满她的花床。米娅（Mia）的花朵生长了2fet宽，因此她需要在每种植物（包括植物宽度）之间留下16英尺。米娅已经拥有5朵花。商店的每个开花厂的价格为3日元。但是，如果她购买了2种以上的植物，她将在整个购买中获得8日元的折扣。米娅将在商店里花多少钱来填满她的花床？,1
安德烈（Andre）正在为爆米花爆米花。随着锅的加热，内核开始弹出速度更快。在烹饪的前10秒内，有80个流行音乐，然后在接下来的10秒内进行4倍的速度。内核在接下来的10秒内增加到初始弹出率的6倍。在最后10秒钟内，弹出速度降至过去10秒的一半。在安德烈（Andre）取下锅中之后，在最后10秒烹饪中弹出的内核数量的四分之一也从残余热量中弹出。安德烈（Andre）向他的兄弟金（Jin）提供了1/10的爆米花。安德烈（Andre）比他的兄弟多吃几块爆米花？,944
本杰明（Benjamin）正在为爆米花爆米花。随着内核的加热，内核开始弹出速度更快。在烹饪的前26秒内，有80个流行音乐，然后在接下来的26秒内进行2倍。内核在接下来的26秒内增加到初始弹出率的3倍。在最后26秒内，弹出速度降至过去26秒的一半。本杰明（Benjamin）将锅从热量中取出后，在最后26秒烹饪中弹出的核数的四分之一也从残余热量中弹出。本杰明将爆米花的1/7送给了他的兄弟优素福。本杰明比他的兄弟还要吃几块爆米花？,450
奥利弗（Oliver）正在爆米花爆米花享用小吃。随着内核的加热，内核开始弹出速度更快。在烹饪的前22秒内，有60个流行音乐，然后在接下来的22秒内进行3倍。内核在接下来的22秒内增加到初始弹出率的4倍。在最后22秒内，弹出速度降至过去22秒的一半。奥利弗（Oliver）从高温下取出煎锅后，在最后22秒烹饪中弹出的核数量的四分之一也从残余热量中弹出。奥利弗（Oliver）将爆米花的十分之一送给了他的兄弟蒂亚戈（Thiago）。奥利弗（Oliver）比他的兄弟多吃几块爆米花？,504
蒂亚戈（Thiago）正在爆米花爆米花，吃零食。随着内核的加热，内核开始弹出速度更快。在烹饪的前26秒中，有40个弹出，然后在接下来的26秒内进行3倍。内核在接下来的26秒内提高到初始弹出率的4倍。在最后26秒内，弹出速度降至过去26秒的一半。蒂亚戈（Thiago）将煎锅从热量中取出后，在最后26秒烹饪中弹出的核数中的四分之一也从残留的热量中弹出。蒂亚戈（Thiago）向他的兄弟桑杰（Sanjay）提供了1/10的爆米花。蒂亚戈（Thiago）比他的兄弟多吃几块爆米花？,336
桑杰（Sanjay）正在爆米花作为小吃。随着内核的加热，内核开始弹出速度更快。在烹饪的前26秒中，有80个流行音乐，然后在接下来的26秒内进行4倍。内核在接下来的26秒内增加到初始弹出率的6倍。在最后26秒内，弹出速度降至过去26秒的一半。桑杰（Sanjay）从热量中取出锅后，在最后26秒烹饪中弹出的核数量的四分之一也从残余热量中弹出。桑杰（Sanjay）将1/5的爆米花送给了他的兄弟诺亚（Noah）。桑杰（Sanjay）比他的兄弟多吃几块爆米花？,708
奥斯卡正在爆米花爆米花作为小吃。随着内核的加热，内核开始弹出速度更快。在烹饪的前16秒内80个流行音乐，然后在接下来的16秒内进行3倍。内核在接下来的16秒内增加到初始弹出率的5倍。在最后16秒内，弹出速度降至过去16秒的一半。奥斯卡（Oscar）从热量中取出锅中，在最后16秒烹饪中弹出的核数的四分之一也从残余热量中弹出。奥斯卡给他的兄弟本杰明（Benjamin）提供了五分之二的爆米花。奥斯卡比他的兄弟多吃几块爆米花？,194
帕维尔（Pavel）正在爆米花爆米花。随着内核的加热，内核开始弹出速度更快。在烹饪的前12秒钟内80个流行音乐，然后在接下来的12秒内进行2倍。内核在接下来的12秒内增加到初始弹出率的6倍。在最后12秒钟内，弹出速度降低到过去12秒的一半。帕维尔（Pavel）从热量中取出锅后，在最后12秒烹饪中弹出的核数的四分之一也从残留的热量中弹出。帕维尔（Pavel）将八分之一的爆米花送给了他的兄弟卢卡（Luca）。帕维尔（Pavel）比他的兄弟多吃几块爆米花？,680
Leon正在爆米花爆米花作为小吃。随着锅的加热，内核开始弹出速度更快。在烹饪的前26秒中，有40个流行音乐，然后在接下来的26秒内进行4倍的速度。内核在接下来的26秒内增加到初始弹出率的5倍。在最后26秒内，弹出速度降至过去26秒的一半。莱昂（Leon）脱下锅中的热量之后，在最后26秒的烹饪中弹出的核数中的四分之一也从残留的热量中弹出。莱昂给他的兄弟诺亚（Noah）提供了五分之二的爆米花。莱昂比他的兄弟多吃几块爆米花？,105
Deshawn正在爆米花爆米花作为小吃。随着内核的加热，内核开始弹出速度更快。在烹饪的前30秒内，有100个弹出，然后在接下来的30秒内进行2倍。内核在接下来的30秒内增加到初始弹出率的4倍。在最后30秒内，弹出速度将减少到过去30秒的一半。DeShawn脱离热量之后，在最后30秒烹饪中弹出的粒子数量的四分之一也从残留的热量中弹出。Deshawn将2/5的爆米花送给了他的兄弟易卜拉欣。比他的兄弟，Deshawn必须吃几块爆米花？,190
穆罕默德（Mohammed）正在为爆米花爆米花。随着锅的加热，内核开始弹出速度更快。在烹饪的前16秒中，有20个弹出，然后在接下来的16秒内进行2倍。内核在接下来的16秒内增加到初始弹出率的4倍。在最后16秒内，弹出速度降至过去16秒的一半。穆罕默德（Mohammed）将锅从热量中取出后，在最后16秒烹饪中弹出的核数的四分之一也从残留的热量中弹出。穆罕默德（Mohammed）将2/5的爆米花送给了他的兄弟阿什（Arash）。穆罕默德（Mohammed）比他的兄弟多吃几块爆米花？,38
卢卡想用337盎司的水制作不同尺寸的冰块。他可以制作巨大的立方体，每立方体使用14盎司，中等多维数据集，使用3盎司，使用1/2盎司的小立方体以及小立方体一半的小立方体。他制作了47个冰块，其中包括9个巨型立方体，14个小块，12个中等立方体和一些小立方体。卢卡剩下多少盎司水？,165
Deshawn希望用312盎司的水制作不同尺寸的冰块。他可以制造巨大的立方体，每立方体使用15盎司，中等多维数据集，使用5盎司，使用1/2盎司的小立方体以及小立方体大小的一半的小立方体。他总共制造了46个冰块，包括8个巨型立方体，14个小块，12个中等多维数据集和一些小立方体。Deshawn剩下多少盎司的水？,122
诺亚想用336盎司的水制作不同尺寸的冰块。他可以制造巨大的立方体，每立方体使用15盎司，中等多维数据集，使用4盎司，使用1/2盎司的小立方体以及小块的一半小立方体。他总共制造了49个冰块，包括8个巨型立方体，14个小立方体，15个中等立方体和一些小立方体。诺亚剩下多少盎司的水？,146
维克多（Viktor）希望用313盎司的水制作不同尺寸的冰块。他可以制造巨大的立方体，每立方体使用12盎司，中等多维数据集，使用4盎司，使用1/2盎司的小立方体以及小块的一半小立方体。他制作了50个冰块，包括12个巨型立方体，14个小立方体，12个中等立方体和一些小立方体。维克多剩下多少盎司的水？,111
亚历杭德罗（Alejandro）希望用309盎司的水制作不同尺寸的冰块。他可以制作巨大的立方体，每立方体使用14盎司，使用6盎司的中等立方体，使用1/2盎司的小立方体以及小块的小立方体。他制作了50个冰块，包括9个巨型立方体，14个小块，15个中等立方体和一些小立方体。亚历杭德罗留下了多少盎司的水？,83
奥利弗（Oliver）希望用326盎司的水制作不同尺寸的冰块。他可以制造巨大的立方体，每立方体使用14盎司，中等多维数据集，使用4盎司，使用2/4盎司的小立方体以及小块的小立方体。他制作了48个冰块，包括10个巨型立方体，14个小立方体，12个中等立方体和一些小立方体。奥利弗剩下多少盎司的水？,128
卡洛斯（Carlos）希望用318盎司的水制作不同尺寸的冰块。他可以制作巨大的立方体，每立方体使用13盎司，中等多维数据集，使用3盎司，使用2/4盎司的小立方体以及小立方体一半的小立方体。他制作了47个冰块，其中包括9个巨型立方体，14个小块，12个中等立方体和一些小立方体。卡洛斯剩下多少盎司的水？,155
Mateo希望用322盎司的水制作不同尺寸的冰块。他可以制作巨大的立方体，每立方体使用12盎司，使用6盎司的中等立方体，使用2/4盎司的小立方体以及小块的一半小立方体。他制作了48个冰块，包括10个巨型立方体，14个小立方体，12个中等立方体和一些小立方体。Mateo剩下多少盎司的水？,120
亚历杭德罗（Alejandro）希望用341盎司的水制作不同尺寸的冰块。他可以制作巨大的立方体，每立方体使用13盎司，中等多维数据集，使用3盎司，使用1/2盎司的小立方体以及小立方体的一半小立方体。他制作了50个冰块，包括9个巨型立方体，14个小块，15个中等立方体和一些小立方体。亚历杭德罗留下了多少盎司的水？,169
阿里想用331盎司的水制作不同尺寸的冰块。他可以制造巨大的立方体，每立方体使用16盎司，中等多维数据集，使用4盎司，使用1/2盎司的小立方体以及小立方体一半的小立方体。他制作了48个冰块，包括10个巨型立方体，14个小立方体，12个中等立方体和一些小立方体。阿里剩下多少盎司的水？,113
在100个项目的测验中，有40％的问题是化学，20％是地理，其余的则与历史和代数问题相同。如果Aisha肯定会正确地获得25％的地理问题，100％的化学问题以及十分之一的历史和代数问题，那么她一定会得到多少点？,49
在80个项目的测验中，有50％的问题是化学，5％是生物学，其余的是几何和文献问题。如果Keisha肯定会正确地获得25％的生物学问题，70％的化学问题以及三分之一的几何和文献问题，那么她一定会得到多少点？,41
在80个项目的测验中，有55％的问题是物理学，20％是几何形状，其余的是文献和地理问题。如果Rania肯定会正确地获得25％的几何问题，100％的物理问题以及1/2的文献和地理问题，那么她一定会得到多少点？,58
在40个项目的测验中，有50％的问题是化学，10％是历史，其余的是地理和生物学问题。如果Olga肯定会正确地获得25％的历史问题，85％的化学问题以及1/8的地理和生物学问题，那么她一定会得到多少点？,20
在120个项目的测验中，有5％的问题是经济学，20％是生物学，其余的则与物理和历史问题相同。如果Amelia肯定会正确地获得25％的生物学问题，100％的经济学问题以及1/3的物理和历史问题，那么她肯定会得到多少点？,42
在80个项目的测验中，有25％的问题是物理学，15％是生物学，其余的则与地理和文学问题相同。如果Fatima一定会正确地获得25％的生物学问题，40％的物理问题以及八分之一的地理和文献问题，那么她一定会得到多少点？,17
在120个项目的测验中，有30％的问题是地理，20％是代数，其余的则与历史和化学问题一样分开。如果Gabrielle一定会正确地获得25％的代数问题，50％的地理问题以及十分之一的历史和化学问题，那么她肯定会得到多少点？,30
在80个项目的测验中，有35％的问题是历史，15％是生物学，其余的则与代数和地理问题一样分配。如果纳迪亚一定会得到25％的生物学问题，75％的历史问题以及代数和地理问题的第八个问题，那么她肯定会得到多少点？,29
在80个项目的测验中，有25％的问题是物理学，15％是几何形状，其余的是化学和文献问题。如果Chen肯定会正确地获得几何问题，75％的物理问题以及1/8的化学和文献问题，那么她一定会得到多少点？,24
在120项测验中，有30％的问题是经济学，20％是物理学，其余的则与文学和生物学问题相同。如果Haruka肯定会正确地获得25％的物理问题，100％的经济学问题以及1/2的文献和生物学问题，那么她一定会得到多少点？,72
樱花正在为她的4个孙子编织冬季穿着。它们是四足动物，所以它们的尺寸都相同。她想为每个人制作背心，开衫，披肩，手套和手套。它需要5颗羊毛来制作背心，4件羊毛衫，10张披肩，一双手套的12个，一双手套的手套为9。樱花想为自己做两件温暖的夹克，每个夹克都需要4条羊毛。每十颗羊毛绞线的价格为9美元。该商店有促销活动，客户在购买超过100美元的购买中获得20美元的折扣。樱花应该为她所需的所有羊毛丝绸支付多少钱？,106
法蒂玛（Fatima）为她的5个孙子们编织了冬季服装。它们是五重奏，所以它们的尺寸都相同。她想为每个人制作一个无檐小便帽，背心，开衫，手套和手套。它需要4条羊毛才能制作一个无檐小便帽，为背心的6款，羊毛衫8，一双手套的12个，一双手套的手套10。法蒂玛想为自己做两件温暖的夹克，每个夹克都需要8条羊毛。每十颗羊毛绞线的价格为8美元。该商店有促销活动，客户在购买超过100美元的购买中获得20美元的折扣。Fatima应该为她需要的所有羊毛丝绸付多少钱？,124
瓦莱里亚（Valeria）为她的4个孙子们编织冬季服装。它们是四足动物，所以它们的尺寸都相同。她想为每个人制作上衣，帽子，披肩，赃物和手套。它需要6颗羊毛才能制作上衣，帽子6束，披肩12，一对赃物12，一双手套13。瓦莱里亚（Valeria）想为自己做两件温暖的夹克，每个夹克都需要4条羊毛。每十颗羊毛绞线的价格为9美元。该商店有促销活动，客户在购买超过100美元的购买中获得20美元的折扣。Valeria应该为她需要的所有羊毛绞线付多少钱？,133
瓦伦蒂娜（Valentina）为她的5个孙子们编织了冬季服装。它们是五重奏，所以它们的尺寸都相同。她想为每个人制作披肩，外衣，开衫，赃物和手套。它需要5条羊毛才能制作披肩，3件上衣，9套开衫，一对赃物10，一双手套为11。瓦伦蒂娜（Valentina）想为自己做两件温暖的夹克，每个夹克都需要7条羊毛。每十颗羊毛绞线的价格为7美元。该商店有促销活动，客户在购买超过100美元的购买中获得20美元的折扣。Valentina应该为她需要的所有羊毛绞线付多少钱？,99
乌玛（Uma）为她的四个孙子们编织了冬季穿着。它们是四足动物，所以它们的尺寸都相同。她想为每个人制作披肩，帽子，开衫，腿部暖和者和袜子。它需要5颗羊毛来制作披肩，3套帽子，12套开衫，一对腿部保暖器11，一双袜子15。乌玛（Uma）想为自己做两件温暖的夹克，每个夹克都需要10条羊毛。每十颗羊毛绞线的价格为9美元。该商店有促销活动，客户在购买超过100美元的购买中获得20美元的折扣。乌玛应该为她需要的所有羊毛绞线付多少钱？,133
罗雅（Roya）为她的5个孙子们编织冬季穿着。它们是五重奏，所以它们的尺寸都相同。她想为每个人做一次开衫，雨披，毛衣，袜子和手套。它需要5颗羊毛才能制作开衫，3次用于雨披，毛衣为8，一双袜子10，一双手套14。罗雅（Roya）想为自己做两件温暖的夹克，每个夹克都需要8条羊毛。每十颗羊毛绞线的价格为8美元。该商店有促销活动，客户在购买超过100美元的购买中获得20美元的折扣。Roya应为她需要的所有羊毛绞线付多少钱？,124
加布里埃尔（Gabrielle）为她的5个孙子们编织了冬季服装。它们是五重奏，所以它们的尺寸都相同。她想为每个人制作雨披，毛衣，帽子，手套和腿部暖和者。它需要6颗羊毛才能制作雨披，3件毛衣，帽子12，一双手套的11个，一对腿部暖和者12。加布里埃尔（Gabrielle）想为自己做两件温暖的夹克，每个夹克都需要10条羊毛。每十颗羊毛绞线的价格为7美元。该商店有促销活动，客户在购买超过100美元的购买中获得20美元的折扣。Gabrielle应该为她需要的所有羊毛丝绸支付多少钱？,120
茉莉花正在为她的5个孙子编织冬季穿着。它们是五重奏，所以它们的尺寸都相同。她想为每个人制作雨披，开枪，外衣，赃物和手套。它需要6颗羊毛才能制作雨披，开衫4，上衣10，一对赃物12，一双手套的10。茉莉花想为自己做两件温暖的夹克，每个夹克都需要9条羊毛。每十颗羊毛绞线的价格为6美元。该商店有促销活动，客户在购买超过100美元的购买中获得20美元的折扣。茉莉花应该为她需要的所有羊毛绞金支付多少钱？,94
凯拉（Kayla）为她的5个孙子编织冬季穿着。它们是五重奏，所以它们的尺寸都相同。她想为每个人制作雨披，毛衣，外衣，腿部温暖器和手套。它需要3颗羊毛才能制作雨披，三颗毛衣，10件，上衣10，一对腿部保暖器10，一双手套10。凯拉（Kayla）想为自己做两件温暖的夹克，每个夹克都需要6颗羊毛。每十颗羊毛绞线的价格为8美元。该商店有促销活动，客户在购买超过100美元的购买中获得20美元的折扣。Kayla应该为她需要的所有羊毛丝绸付钱多少钱？,108
塔拉（Tara）为她的四个孙子们编织冬季穿着。它们是四足动物，所以它们的尺寸都相同。她想为每个人制作一个无檐小便帽，开衫，披肩，赃物和手套。它需要5颗羊毛才能制作豆豆，5款开衫，12张披肩，一对赃物8个，一双手套15。塔拉（Tara）想为自己做两件温暖的夹克，每个夹克都需要6条羊毛。每十颗羊毛绞线的价格为8美元。该商店有促销活动，客户在购买超过100美元的购买中获得20美元的折扣。塔拉应该为她需要的所有羊毛绞线付多少钱？,108
在约翰逊女士的100名学生的班级中，有46％的班级是足球运动员。在剩下的班级中，有50％的学生是机器人俱乐部成员或舞者的一部分。这三组学生今天需要早些时候离开参加客场比赛。一半的足球运动员因生病而缺席。另外，将有3名啦啦队伴随这些群体。有多少学生早早离开比赛？,59
在约翰逊女士的150名学生班上，有40％的班级是足球运动员。在剩下的班级中，有30％的学生是舞者或合唱团成员的一部分。这三组学生今天需要早些时候离开参加客场比赛。一半的足球运动员因生病而缺席。另外，将有3名啦啦队伴随这些群体。有多少学生早早离开比赛？,66
在加西亚夫人的160名学生中，有50％的班级是游泳者。在剩下的班级中，有35％的学生是辩论团队成员或舞者的一部分。这三组学生今天需要早些时候离开参加客场比赛。一半的游泳者因生病而缺席。另外，将有3名啦啦队伴随这些群体。有多少学生要早点参加比赛？,77
在约翰逊女士的20名学生中，有20％的班级是足球运动员。在剩下的班级中，有50％的学生是辩论团队成员或合唱团成员的一部分。这三组学生今天需要早些时候离开参加客场比赛。一半的足球运动员因生病而缺席。另外，将有3名啦啦队伴随这些群体。有多少学生早早离开比赛？,19
在李博士的104名学生的班级中，有50％的班级是排球运动员。在剩下的班级中，有25％的学生是机器人俱乐部成员或合唱团成员的一部分。这三组学生今天需要早些时候离开参加客场比赛。一半的排球运动员因生病而缺席。另外，将有3名啦啦队伴随这些群体。有多少学生早早离开比赛？,48
在史密斯先生的80名学生中，有20％的班级是篮球运动员。在剩下的班级中，有50％的学生是舞者或辩论团队成员的一部分。这三组学生今天需要早些时候离开参加客场比赛。一半的篮球运动员因生病而缺席。另外，将有3名啦啦队伴随这些群体。有多少学生要早点参加比赛？,49
在加西亚夫人的84名学生的班级中，有50％的班级是游泳者。在剩下的班级中，有50％的学生是辩论团队成员或合唱团成员的一部分。这三组学生今天需要早些时候离开参加客场比赛。一半的游泳者因生病而缺席。另外，将有3名啦啦队伴随这些群体。有多少学生要早点参加比赛？,51
在约翰逊女士的50名学生班上，52％的班级是足球运动员。在剩下的班级中，有50％的学生是辩论团队成员或机器人俱乐部成员的一部分。这三组学生今天需要早些时候离开参加客场比赛。一半的足球运动员因生病而缺席。另外，将有3名啦啦队伴随这些群体。有多少学生早早离开比赛？,34
在李博士的120名学生的班级中，有25％的班级是排球运动员。在剩下的班级中，有30％的学生是辩论团队成员或舞者的一部分。这三组学生今天需要早些时候离开参加客场比赛。一半的排球运动员因生病而缺席。另外，将有3名啦啦队伴随这些群体。有多少学生早早离开比赛？,51
在史密斯先生的125名学生中，有40％的班级是篮球运动员。在剩下的班级中，有24％的学生是机器人俱乐部成员或合唱团成员的一部分。这三组学生今天需要早些时候离开参加客场比赛。一半的篮球运动员因生病而缺席。另外，将有3名啦啦队伴随这些群体。有多少学生要早点参加比赛？,52
